nome,url,preço,local,hora,data
Moto z play,https://rj.olx.com.br/rio-de-janeiro-e-regiao/celulares/moto-z-play-658395239?xtmc=celular&xtnp=1&xtcr=1,R$ 550,"Rio de Janeiro, Marechal Hermes",14:05,Hoje
Celular Iphone 4s 8 gigas,https://rj.olx.com.br/rio-de-janeiro-e-regiao/celulares/celular-iphone-4s-8-gigas-658393291?xtmc=celular&xtnp=1&xtcr=2,R$ 250,"Rio de Janeiro, Jardim Carioca",14:04,Hoje
IPhone 8 de 64 gigas.IMPECÁVEL,https://rj.olx.com.br/rio-de-janeiro-e-regiao/celulares/iphone-8-de-64-gigas-impecavel-658389229?xtmc=celular&xtnp=1&xtcr=3,R$ 2.600,"Rio de Janeiro, Tijuca",14:03,Hoje
S10,https://rj.olx.com.br/rio-de-janeiro-e-regiao/celulares/s10-658388490?xtmc=celular&xtnp=1&xtcr=4,R$ 2.200,"Rio de Janeiro, Anchieta",14:02,Hoje
IPhone 5C 32GB Verde,https://rj.olx.com.br/rio-de-janeiro-e-regiao/celulares/iphone-5c-32gb-verde-658388115?xtmc=celular&xtnp=1&xtcr=5,R$ 380,"Rio de Janeiro, Olaria",14:02,Hoje
Mi A2,https://rj.olx.com.br/rio-de-janeiro-e-regiao/celulares/mi-a2-658387604?xtmc=celular&xtnp=1&xtcr=6,R$ 750,"Rio de Janeiro, Tauá",14:02,Hoje
Vendo Samsung Galaxy J5,https://rj.olx.com.br/rio-de-janeiro-e-regiao/celulares/vendo-samsung-galaxy-j5-658384773?xtmc=celular&xtnp=1&xtcr=7,R$ 320,"Rio de Janeiro, Penha Circular",14:01,Hoje
J8,https://rj.olx.com.br/rio-de-janeiro-e-regiao/celulares/j8-658384722?xtmc=celular&xtnp=1&xtcr=8,R$ 900,"Rio de Janeiro, Penha",14:01,Hoje
Samsung J6 plus + aceito cartão,https://rj.olx.com.br/rio-de-janeiro-e-regiao/celulares/samsung-j6-plus-aceito-cartao-658383703?xtmc=celular&xtnp=1&xtcr=9,R$ 600,"Rio de Janeiro, Freguesia (Ilha do Governador)",14:01,Hoje
Iphone 7 Rose,https://rj.olx.com.br/rio-de-janeiro-e-regiao/celulares/iphone-7-rose-658381415?xtmc=celular&xtnp=1&xtcr=10,R$ 1.500,"Rio de Janeiro, Vigário Geral",14:00,Hoje
Xiaomi Mi 8 R$850,https://rj.olx.com.br/rio-de-janeiro-e-regiao/celulares/xiaomi-mi-8-r-850-658380508?xtmc=celular&xtnp=1&xtcr=11,R$ 500,"Rio de Janeiro, Costa Barros",13:59,Hoje
Moto E5 plus R$500,https://rj.olx.com.br/rio-de-janeiro-e-regiao/celulares/moto-e5-plus-r-500-658380466?xtmc=celular&xtnp=1&xtcr=12,R$ 500,"Rio de Janeiro, Costa Barros",13:59,Hoje
Moto G5 R$300,https://rj.olx.com.br/rio-de-janeiro-e-regiao/celulares/moto-g5-r-300-658380250?xtmc=celular&xtnp=1&xtcr=13,R$ 300,"Rio de Janeiro, Costa Barros",13:59,Hoje
Galaxy A7 câmera tripla muito novo,https://rj.olx.com.br/rio-de-janeiro-e-regiao/celulares/galaxy-a7-camera-tripla-muito-novo-658380281?xtmc=celular&xtnp=1&xtcr=14,R$ 900,"Rio de Janeiro, Colégio",13:59,Hoje
Vendo j3 perfeito,https://rj.olx.com.br/rio-de-janeiro-e-regiao/celulares/vendo-j3-perfeito-658379858?xtmc=celular&xtnp=1&xtcr=15,R$ 250,"Rio de Janeiro, Vila Isabel",13:59,Hoje
IPhone 5s,https://rj.olx.com.br/rio-de-janeiro-e-regiao/celulares/iphone-5s-658379555?xtmc=celular&xtnp=1&xtcr=16,R$ 330,"Rio de Janeiro, Colégio",13:59,Hoje
Venda,https://rj.olx.com.br/rio-de-janeiro-e-regiao/celulares/venda-658378065?xtmc=celular&xtnp=1&xtcr=17,R$ 1.500,"Rio de Janeiro, Ramos",13:58,Hoje
Moto G6 Plus,https://rj.olx.com.br/rio-de-janeiro-e-regiao/celulares/moto-g6-plus-658377424?xtmc=celular&xtnp=1&xtcr=18,R$ 650,"Rio de Janeiro, Vila Isabel",13:58,Hoje
Moto G5 32 GB,https://rj.olx.com.br/rio-de-janeiro-e-regiao/celulares/moto-g5-32-gb-658373555?xtmc=celular&xtnp=1&xtcr=19,R$ 1,"Rio de Janeiro, Vigário Geral",13:56,Hoje
Iphone 7 32 gb + Apple Watch série 2 Nike 42mm,https://rj.olx.com.br/rio-de-janeiro-e-regiao/celulares/iphone-7-32-gb-apple-watch-serie-2-nike-42mm-658372690?xtmc=celular&xtnp=1&xtcr=20,R$ 2.700,"Rio de Janeiro, Madureira",13:56,Hoje
Asus zenfone 2 551 ml,https://rj.olx.com.br/rio-de-janeiro-e-regiao/celulares/asus-zenfone-2-551-ml-658372293?xtmc=celular&xtnp=1&xtcr=21,R$ 130,"Rio de Janeiro, Piedade",13:56,Hoje
IPhone 7 128GB Rose zero com garantia Apple,https://rj.olx.com.br/rio-de-janeiro-e-regiao/celulares/iphone-7-128gb-rose-zero-com-garantia-apple-658372227?xtmc=celular&xtnp=1&xtcr=22,R$ 1.700,"Rio de Janeiro, Engenho de Dentro",13:56,Hoje
Motorola G6 impecável troco,https://rj.olx.com.br/rio-de-janeiro-e-regiao/celulares/motorola-g6-impecavel-troco-658370194?xtmc=celular&xtnp=1&xtcr=23,,"Rio de Janeiro, Costa Barros",13:55,Hoje
Lenovo A5 aparelho zero na caixa.,https://rj.olx.com.br/rio-de-janeiro-e-regiao/celulares/lenovo-a5-aparelho-zero-na-caixa-658369546?xtmc=celular&xtnp=1&xtcr=24,R$ 600,"Rio de Janeiro, Jardim Carioca",13:55,Hoje
Capa da Samsung Cover Azul leia,https://rj.olx.com.br/rio-de-janeiro-e-regiao/celulares/capa-da-samsung-cover-azul-leia-658369058?xtmc=celular&xtnp=1&xtcr=25,R$ 40,"Rio de Janeiro, Grajaú",13:55,Hoje
Moto g5s plus,https://rj.olx.com.br/rio-de-janeiro-e-regiao/celulares/moto-g5s-plus-658368842?xtmc=celular&xtnp=1&xtcr=26,R$ 430,"Rio de Janeiro, Vigário Geral",13:55,Hoje
Apple Watch Série 3 - 42 mm: Usado,https://rj.olx.com.br/rio-de-janeiro-e-regiao/celulares/apple-watch-serie-3-42-mm-usado-658368575?xtmc=celular&xtnp=1&xtcr=27,R$ 1.499,"Rio de Janeiro, Praça da Bandeira",13:55,Hoje
Moto G6 play,https://rj.olx.com.br/rio-de-janeiro-e-regiao/celulares/moto-g6-play-658368216?xtmc=celular&xtnp=1&xtcr=28,R$ 600,"Rio de Janeiro, São Cristóvão",13:55,Hoje
IPhone 8 256GB zero na Caixa,https://rj.olx.com.br/rio-de-janeiro-e-regiao/celulares/iphone-8-256gb-zero-na-caixa-658368005?xtmc=celular&xtnp=1&xtcr=29,R$ 1.900,"Rio de Janeiro, Tauá",13:54,Hoje
K10 32gb,https://rj.olx.com.br/rio-de-janeiro-e-regiao/celulares/k10-32gb-658368008?xtmc=celular&xtnp=1&xtcr=30,R$ 400,"Rio de Janeiro, Guadalupe",13:54,Hoje
Display touch lcd motorola one action,https://rj.olx.com.br/rio-de-janeiro-e-regiao/celulares/display-touch-lcd-motorola-one-action-658362582?xtmc=celular&xtnp=1&xtcr=31,R$ 599,"Rio de Janeiro, Ricardo de Albuquerque",13:52,Hoje
A5,https://rj.olx.com.br/rio-de-janeiro-e-regiao/celulares/a5-658362074?xtmc=celular&xtnp=1&xtcr=32,R$ 200,"Rio de Janeiro, Piedade",13:52,Hoje
Galaxy s9 plus,https://rj.olx.com.br/rio-de-janeiro-e-regiao/celulares/galaxy-s9-plus-658361782?xtmc=celular&xtnp=1&xtcr=33,R$ 2.000,"Rio de Janeiro, Del Castilho",13:52,Hoje
Moto G4 Play Celular Com TV Digital (Ótimo Estado),https://rj.olx.com.br/rio-de-janeiro-e-regiao/celulares/moto-g4-play-celular-com-tv-digital-otimo-estado-658358977?xtmc=celular&xtnp=1&xtcr=34,R$ 280,"Rio de Janeiro, Madureira",13:51,Hoje
Moto g5s plus,https://rj.olx.com.br/rio-de-janeiro-e-regiao/celulares/moto-g5s-plus-658358262?xtmc=celular&xtnp=1&xtcr=35,R$ 430,"Rio de Janeiro, Vigário Geral",13:51,Hoje
IPhone 6s 32gb,https://rj.olx.com.br/rio-de-janeiro-e-regiao/celulares/iphone-6s-32gb-658358026?xtmc=celular&xtnp=1&xtcr=36,R$ 900,"Rio de Janeiro, Vigário Geral",13:51,Hoje
Smartphone Samsung j5 16mb,https://rj.olx.com.br/rio-de-janeiro-e-regiao/celulares/smartphone-samsung-j5-16mb-658358333?xtmc=celular&xtnp=1&xtcr=37,R$ 300,"Rio de Janeiro, Engenho de Dentro",13:49,Hoje
Samsung J7 Pro 64 GB,https://rj.olx.com.br/rio-de-janeiro-e-regiao/celulares/samsung-j7-pro-64-gb-658353418?xtmc=celular&xtnp=1&xtcr=38,R$ 479,"Rio de Janeiro, Vila da Penha",13:49,Hoje
Moto G7 play dual chip tela trincada funciona tudo perfeitamente,https://rj.olx.com.br/rio-de-janeiro-e-regiao/celulares/moto-g7-play-dual-chip-tela-trincada-funciona-tudo-perfeitamente-658351588?xtmc=celular&xtnp=1&xtcr=39,R$ 380,"Rio de Janeiro, Irajá",13:48,Hoje
Moto c plus,https://rj.olx.com.br/rio-de-janeiro-e-regiao/celulares/moto-c-plus-658351473?xtmc=celular&xtnp=1&xtcr=40,R$ 100,"Rio de Janeiro, Oswaldo Cruz",13:48,Hoje
Moto e 5,https://rj.olx.com.br/rio-de-janeiro-e-regiao/celulares/moto-e-5-658350689?xtmc=celular&xtnp=1&xtcr=41,R$ 265,"Rio de Janeiro, Oswaldo Cruz",13:47,Hoje
Nexus 4 funcionando leia o anúncio,https://rj.olx.com.br/rio-de-janeiro-e-regiao/celulares/nexus-4-funcionando-leia-o-anuncio-658345922?xtmc=celular&xtnp=1&xtcr=42,R$ 200,"Rio de Janeiro, Tijuca",13:06,Hoje
J5 v/t,https://rj.olx.com.br/rio-de-janeiro-e-regiao/celulares/j5-v-t-658344275?xtmc=celular&xtnp=1&xtcr=43,R$ 250,"Rio de Janeiro, Jacaré",12:44,Hoje
IPhone 8 Plus,https://rj.olx.com.br/rio-de-janeiro-e-regiao/celulares/iphone-8-plus-658344176?xtmc=celular&xtnp=1&xtcr=44,R$ 2.449,"Rio de Janeiro, Bonsucesso",12:43,Hoje
Galaxy S10 Plus,https://rj.olx.com.br/rio-de-janeiro-e-regiao/celulares/galaxy-s10-plus-658344133?xtmc=celular&xtnp=1&xtcr=45,R$ 2.689,"Rio de Janeiro, Bonsucesso",12:42,Hoje
Moto G6 Play R$500,https://rj.olx.com.br/rio-de-janeiro-e-regiao/celulares/moto-g6-play-r-500-658342753?xtmc=celular&xtnp=1&xtcr=46,R$ 500,"Rio de Janeiro, Costa Barros",12:26,Hoje
Fone e Radio S9 aceita cartão de memoria,https://rj.olx.com.br/rio-de-janeiro-e-regiao/celulares/fone-e-radio-s9-aceita-cartao-de-memoria-658341619?xtmc=celular&xtnp=1&xtcr=48,R$ 80,"Rio de Janeiro, Del Castilho",12:01,Hoje
Samsung Dex Station,https://rj.olx.com.br/rio-de-janeiro-e-regiao/celulares/samsung-dex-station-658340793?xtmc=celular&xtnp=1&xtcr=49,R$ 220,"Rio de Janeiro, Vila Isabel",11:41,Hoje
Troco Galaxy S10e,https://rj.olx.com.br/rio-de-janeiro-e-regiao/celulares/troco-galaxy-s10e-658340093?xtmc=celular&xtnp=1&xtcr=50,R$ 2.000,"Rio de Janeiro, Madureira",11:25,Hoje
J1 mini funcionando perfeitamente,https://rj.olx.com.br/rio-de-janeiro-e-regiao/celulares/j1-mini-funcionando-perfeitamente-658347950?xtmc=celular&xtnp=2&xtcr=1,R$ 150,"Rio de Janeiro, Higienópolis",13:32,Hoje
S9 + 128 gb,https://rj.olx.com.br/rio-de-janeiro-e-regiao/celulares/s9-128-gb-658346032?xtmc=celular&xtnp=2&xtcr=2,R$ 1.300,"Rio de Janeiro, Guadalupe",13:05,Hoje
Atendente Telefonista Digital Microtel,https://rj.olx.com.br/rio-de-janeiro-e-regiao/celulares/atendente-telefonista-digital-microtel-658345792?xtmc=celular&xtnp=2&xtcr=3,R$ 450,"Rio de Janeiro, Água Santa",13:05,Hoje
Moto Z play R$500,https://rj.olx.com.br/rio-de-janeiro-e-regiao/celulares/moto-z-play-r-500-658343029?xtmc=celular&xtnp=2&xtcr=4,R$ 500,"Rio de Janeiro, Costa Barros",12:30,Hoje
Moto G5 R$300,https://rj.olx.com.br/rio-de-janeiro-e-regiao/celulares/moto-g5-r-300-658342878?xtmc=celular&xtnp=2&xtcr=5,R$ 300,"Rio de Janeiro, Costa Barros",12:28,Hoje
Moto E5 plus r$ 500,https://rj.olx.com.br/rio-de-janeiro-e-regiao/celulares/moto-e5-plus-r-500-658342761?xtmc=celular&xtnp=2&xtcr=6,R$ 500,"Rio de Janeiro, Costa Barros",12:26,Hoje
Samsung Galaxy S8,https://rj.olx.com.br/rio-de-janeiro-e-regiao/celulares/samsung-galaxy-s8-658342584?xtmc=celular&xtnp=2&xtcr=7,R$ 600,"Rio de Janeiro, Vila Isabel",12:24,Hoje
IPhone 6 Plus 16g vendo ou troco com mais uma volta,https://rj.olx.com.br/rio-de-janeiro-e-regiao/celulares/iphone-6-plus-16g-vendo-ou-troco-com-mais-uma-volta-658342041?xtmc=celular&xtnp=2&xtcr=9,,"Rio de Janeiro, Bonsucesso",12:17,Hoje
Vendo iphone Se,https://rj.olx.com.br/rio-de-janeiro-e-regiao/celulares/vendo-iphone-se-658342064?xtmc=celular&xtnp=2&xtcr=10,R$ 750,"Rio de Janeiro, Vicente de Carvalho",12:16,Hoje
Asus Zenfone Mx1 Usado com embalagem desbloqueado,https://rj.olx.com.br/rio-de-janeiro-e-regiao/celulares/asus-zenfone-mx1-usado-com-embalagem-desbloqueado-658340031?xtmc=celular&xtnp=2&xtcr=11,,"Rio de Janeiro, Colégio",11:24,Hoje
Pulseira de silicone para Apple Watch,https://rj.olx.com.br/rio-de-janeiro-e-regiao/celulares/pulseira-de-silicone-para-apple-watch-658339854?xtmc=celular&xtnp=2&xtcr=12,R$ 27,"Rio de Janeiro, Irajá",11:20,Hoje
Vendo,https://rj.olx.com.br/rio-de-janeiro-e-regiao/celulares/vendo-658338705?xtmc=celular&xtnp=2&xtcr=13,R$ 400,"Rio de Janeiro, Colégio",10:47,Hoje
A6 Esportivo Smart a prova d'água e sensor,https://rj.olx.com.br/rio-de-janeiro-e-regiao/celulares/a6-esportivo-smart-a-prova-d-agua-e-sensor-658335887?xtmc=celular&xtnp=2&xtcr=14,R$ 189,"Rio de Janeiro, Del Castilho",09:15,Hoje
IPhone 7,https://rj.olx.com.br/rio-de-janeiro-e-regiao/celulares/iphone-7-658335465?xtmc=celular&xtnp=2&xtcr=15,R$ 1.300,"Rio de Janeiro, Benfica",09:05,Hoje
IPhone 8 Plus 64 g,https://rj.olx.com.br/rio-de-janeiro-e-regiao/celulares/iphone-8-plus-64-g-658334528?xtmc=celular&xtnp=2&xtcr=16,R$ 2.900,"Rio de Janeiro, Cacuia",08:40,Hoje
LG k11+ dual chip tela trincada funciona tudo perfeitamente 32gb,https://rj.olx.com.br/rio-de-janeiro-e-regiao/celulares/lg-k11-dual-chip-tela-trincada-funciona-tudo-perfeitamente-32gb-658334455?xtmc=celular&xtnp=2&xtcr=17,R$ 260,"Rio de Janeiro, Irajá",08:38,Hoje
Pulseira/relógio inteligente - Mi Band 4,https://rj.olx.com.br/rio-de-janeiro-e-regiao/celulares/pulseira-relogio-inteligente-mi-band-4-658334406?xtmc=celular&xtnp=2&xtcr=18,R$ 190,"Rio de Janeiro, Vasco da Gama",08:36,Hoje
J7 pro 64 g aceito cartão,https://rj.olx.com.br/rio-de-janeiro-e-regiao/celulares/j7-pro-64-g-aceito-cartao-658334072?xtmc=celular&xtnp=2&xtcr=19,R$ 570,"Rio de Janeiro, Vila Kosmos",08:25,Hoje
J1 aceito cartão,https://rj.olx.com.br/rio-de-janeiro-e-regiao/celulares/j1-aceito-cartao-658333953?xtmc=celular&xtnp=2&xtcr=20,R$ 165,"Rio de Janeiro, Vila Kosmos",08:21,Hoje
Moto g7 play 32gb,https://rj.olx.com.br/rio-de-janeiro-e-regiao/celulares/moto-g7-play-32gb-658329914?xtmc=celular&xtnp=2&xtcr=22,R$ 450,"Rio de Janeiro, Penha Circular",06:07,Hoje
Vendo samsung galaxy s9 troco por ps4 slim ou xbox one s,https://rj.olx.com.br/rio-de-janeiro-e-regiao/celulares/vendo-samsung-galaxy-s9-troco-por-ps4-slim-ou-xbox-one-s-658328313?xtmc=celular&xtnp=2&xtcr=23,R$ 1.350,Rio de Janeiro,03:05,Hoje
Xiaomi redmi note 7,https://rj.olx.com.br/rio-de-janeiro-e-regiao/celulares/xiaomi-redmi-note-7-658326856?xtmc=celular&xtnp=2&xtcr=25,R$ 950,"Rio de Janeiro, Del Castilho",02:09,Hoje
IPhone 7 32 gb,https://rj.olx.com.br/rio-de-janeiro-e-regiao/celulares/iphone-7-32-gb-658326313?xtmc=celular&xtnp=2&xtcr=26,R$ 2.000,"Rio de Janeiro, Tijuca",01:56,Hoje
Samsung a7 2018,https://rj.olx.com.br/rio-de-janeiro-e-regiao/celulares/samsung-a7-2018-658326111?xtmc=celular&xtnp=2&xtcr=28,R$ 798,"Rio de Janeiro, Irajá",01:49,Hoje
Vendo Bateria Moto G1,https://rj.olx.com.br/rio-de-janeiro-e-regiao/celulares/vendo-bateria-moto-g1-658324456?xtmc=celular&xtnp=2&xtcr=29,R$ 80,"Rio de Janeiro, Andaraí",01:29,Hoje
P30 Lite,https://rj.olx.com.br/rio-de-janeiro-e-regiao/celulares/p30-lite-658323946?xtmc=celular&xtnp=2&xtcr=30,R$ 1.000,"Rio de Janeiro, Irajá",01:21,Hoje
J8 plus,https://rj.olx.com.br/rio-de-janeiro-e-regiao/celulares/j8-plus-658323794?xtmc=celular&xtnp=2&xtcr=31,R$ 650,"Rio de Janeiro, Jardim Carioca",01:17,Hoje
S10 biometria na tela 384 gigas .veja !!!,https://rj.olx.com.br/rio-de-janeiro-e-regiao/celulares/s10-biometria-na-tela-384-gigas-veja-658318649?xtmc=celular&xtnp=2&xtcr=32,R$ 2.700,Rio de Janeiro,00:33,Hoje
IPhone 6 completo e original,https://rj.olx.com.br/rio-de-janeiro-e-regiao/celulares/iphone-6-completo-e-original-658315725?xtmc=celular&xtnp=2&xtcr=33,R$ 950,"Rio de Janeiro, Maracanã",00:07,Hoje
Fone Original EarPods apple,https://rj.olx.com.br/rio-de-janeiro-e-regiao/celulares/fone-original-earpods-apple-658314979?xtmc=celular&xtnp=2&xtcr=34,R$ 99,"Rio de Janeiro, Bonsucesso",23:59,Ontem
Vendo Bateria Samsung,https://rj.olx.com.br/rio-de-janeiro-e-regiao/celulares/vendo-bateria-samsung-658313968?xtmc=celular&xtnp=2&xtcr=35,R$ 40,"Rio de Janeiro, Andaraí",23:50,Ontem
Celular j4+,https://rj.olx.com.br/rio-de-janeiro-e-regiao/celulares/celular-j4-658313658?xtmc=celular&xtnp=2&xtcr=36,R$ 400,"Rio de Janeiro, Inhaúma",23:47,Ontem
Vendo A8,https://rj.olx.com.br/rio-de-janeiro-e-regiao/celulares/vendo-a8-658313638?xtmc=celular&xtnp=2&xtcr=37,R$ 750,"Rio de Janeiro, São Cristóvão",23:47,Ontem
Tela Frontal Moto G2 Nova e testada com Garantia,https://rj.olx.com.br/rio-de-janeiro-e-regiao/celulares/tela-frontal-moto-g2-nova-e-testada-com-garantia-658311404?xtmc=celular&xtnp=2&xtcr=38,R$ 70,"Rio de Janeiro, Parada de Lucas",23:29,Ontem
IPhone 7 128GB Rose novo garantia Apple loja física,https://rj.olx.com.br/rio-de-janeiro-e-regiao/celulares/iphone-7-128gb-rose-novo-garantia-apple-loja-fisica-658309888?xtmc=celular&xtnp=2&xtcr=39,R$ 1.700,"Rio de Janeiro, Todos os Santos",23:16,Ontem
IPhone 8,https://rj.olx.com.br/rio-de-janeiro-e-regiao/celulares/iphone-8-658309315?xtmc=celular&xtnp=2&xtcr=40,R$ 2.100,"Rio de Janeiro, Vila Kosmos",23:12,Ontem
Asus Zenfone 4 Selfie 64GB V/T,https://rj.olx.com.br/rio-de-janeiro-e-regiao/celulares/asus-zenfone-4-selfie-64gb-v-t-658308755?xtmc=celular&xtnp=2&xtcr=41,R$ 749,"Rio de Janeiro, Irajá",23:09,Ontem
J5 com display queimado,https://rj.olx.com.br/rio-de-janeiro-e-regiao/celulares/j5-com-display-queimado-658306957?xtmc=celular&xtnp=2&xtcr=42,R$ 100,"Rio de Janeiro, Pavuna",22:56,Ontem
J7 prime j5 prime,https://rj.olx.com.br/rio-de-janeiro-e-regiao/celulares/j7-prime-j5-prime-658303438?xtmc=celular&xtnp=2&xtcr=43,R$ 200,Rio de Janeiro,22:33,Ontem
IPhone 6 Plus,https://rj.olx.com.br/rio-de-janeiro-e-regiao/celulares/iphone-6-plus-658297802?xtmc=celular&xtnp=2&xtcr=44,R$ 850,"Rio de Janeiro, Piedade",21:59,Ontem
Moto x play 32Gb,https://rj.olx.com.br/rio-de-janeiro-e-regiao/celulares/moto-x-play-32gb-658297343?xtmc=celular&xtnp=2&xtcr=45,R$ 250,"Rio de Janeiro, Vicente de Carvalho",21:57,Ontem
Moto G 2° Geração (usado),https://rj.olx.com.br/rio-de-janeiro-e-regiao/celulares/moto-g-2-geracao-usado-658297045?xtmc=celular&xtnp=2&xtcr=46,R$ 150,"Rio de Janeiro, Tomás Coelho",21:55,Ontem
Moto g6 play novissimo 350$,https://rj.olx.com.br/rio-de-janeiro-e-regiao/celulares/moto-g6-play-novissimo-350-658296533?xtmc=celular&xtnp=2&xtcr=47,R$ 350,"Rio de Janeiro, Irajá",21:53,Ontem
Iphone 6s,https://rj.olx.com.br/rio-de-janeiro-e-regiao/celulares/iphone-6s-658295492?xtmc=celular&xtnp=2&xtcr=48,R$ 750,"Rio de Janeiro, Vista Alegre",21:48,Ontem
AirPod I12 TWS 5.0,https://rj.olx.com.br/rio-de-janeiro-e-regiao/celulares/airpod-i12-tws-5-0-658295320?xtmc=celular&xtnp=2&xtcr=49,R$ 127,"Rio de Janeiro, Tijuca",21:48,Ontem
J7 prime 2,https://rj.olx.com.br/rio-de-janeiro-e-regiao/celulares/j7-prime-2-658294532?xtmc=celular&xtnp=2&xtcr=50,R$ 599,"Rio de Janeiro, Cavalcanti",21:44,Ontem
IPhone 6 64gb,https://rj.olx.com.br/rio-de-janeiro-e-regiao/celulares/iphone-6-64gb-658363080?xtmc=celular&xtnp=3&xtcr=1,R$ 800,"Rio de Janeiro, Tauá",13:53,Hoje
Xs max prata 64gb zero + Nota fiscal,https://rj.olx.com.br/rio-de-janeiro-e-regiao/celulares/xs-max-prata-64gb-zero-nota-fiscal-658362784?xtmc=celular&xtnp=3&xtcr=2,,"Rio de Janeiro, Abolição",13:53,Hoje
Capa Protetora Carregadora Lumia 720 Original + Película,https://rj.olx.com.br/rio-de-janeiro-e-regiao/celulares/capa-protetora-carregadora-lumia-720-original-pelicula-658357694?xtmc=celular&xtnp=3&xtcr=3,R$ 30,"Rio de Janeiro, Olaria",13:51,Hoje
LG K10 Celular De 32GB Bom Estado (Valor Final),https://rj.olx.com.br/rio-de-janeiro-e-regiao/celulares/lg-k10-celular-de-32gb-bom-estado-valor-final-658356538?xtmc=celular&xtnp=3&xtcr=4,R$ 280,"Rio de Janeiro, Madureira",13:50,Hoje
J7 pró funcionando perfeitamente.leia o anúncio,https://rj.olx.com.br/rio-de-janeiro-e-regiao/celulares/j7-pro-funcionando-perfeitamente-leia-o-anuncio-658356034?xtmc=celular&xtnp=3&xtcr=5,R$ 420,"Rio de Janeiro, Braz de Pina",13:50,Hoje
Xiaomi Mi9T 6gb de RAM 64gb completo na caixa estado de zero,https://rj.olx.com.br/rio-de-janeiro-e-regiao/celulares/xiaomi-mi9t-6gb-de-ram-64gb-completo-na-caixa-estado-de-zero-658352737?xtmc=celular&xtnp=3&xtcr=6,R$ 1.650,"Rio de Janeiro, Cachambi",13:48,Hoje
Celulares,https://rj.olx.com.br/rio-de-janeiro-e-regiao/celulares/celulares-658352111?xtmc=celular&xtnp=3&xtcr=7,R$ 100,"Rio de Janeiro, Penha",13:48,Hoje
Samsung S9 Plus 128gb muito novo na caixa com nota fiscal,https://rj.olx.com.br/rio-de-janeiro-e-regiao/celulares/samsung-s9-plus-128gb-muito-novo-na-caixa-com-nota-fiscal-658352132?xtmc=celular&xtnp=3&xtcr=8,R$ 1.600,"Rio de Janeiro, Cachambi",13:48,Hoje
Celulares,https://rj.olx.com.br/rio-de-janeiro-e-regiao/celulares/celulares-658351506?xtmc=celular&xtnp=3&xtcr=9,R$ 100,"Rio de Janeiro, Penha",13:48,Hoje
Celular,https://rj.olx.com.br/rio-de-janeiro-e-regiao/celulares/celular-658351349?xtmc=celular&xtnp=3&xtcr=10,R$ 300,"Rio de Janeiro, Penha",13:48,Hoje
Celular,https://rj.olx.com.br/rio-de-janeiro-e-regiao/celulares/celular-658350101?xtmc=celular&xtnp=3&xtcr=11,R$ 260,"Rio de Janeiro, Penha Circular",13:47,Hoje
IPhone 5s Prata,https://rj.olx.com.br/rio-de-janeiro-e-regiao/celulares/iphone-5s-prata-658350385?xtmc=celular&xtnp=3&xtcr=12,R$ 1.000,"Rio de Janeiro, Rocha Miranda",13:45,Hoje
Vendo samsung galaxy s9 troco por ps4 slim ou xbox one s,https://rj.olx.com.br/rio-de-janeiro-e-regiao/celulares/vendo-samsung-galaxy-s9-troco-por-ps4-slim-ou-xbox-one-s-658328313?xtmc=celular&xtnp=3&xtcr=13,R$ 1.350,Rio de Janeiro,03:05,Hoje
Vendo s9 + 128 gb R$1.300,https://rj.olx.com.br/rio-de-janeiro-e-regiao/celulares/vendo-s9-128-gb-r-1-300-658346009?xtmc=celular&xtnp=3&xtcr=14,R$ 1.300,"Rio de Janeiro, Guadalupe",13:07,Hoje
Placa Moto G5 play c/ câmeras,https://rj.olx.com.br/rio-de-janeiro-e-regiao/celulares/placa-moto-g5-play-c-cameras-658345593?xtmc=celular&xtnp=3&xtcr=15,R$ 190,"Rio de Janeiro, Inhaúma",13:02,Hoje
Zenfone Zoom S 68 GB e 4 de RAM (Leia ?),https://rj.olx.com.br/rio-de-janeiro-e-regiao/celulares/zenfone-zoom-s-68-gb-e-4-de-ram-leia-658345552?xtmc=celular&xtnp=3&xtcr=16,R$ 300,"Rio de Janeiro, Acari",13:02,Hoje
IPhone 7 32gb Rose,https://rj.olx.com.br/rio-de-janeiro-e-regiao/celulares/iphone-7-32gb-rose-658344526?xtmc=celular&xtnp=3&xtcr=19,R$ 1.500,"Rio de Janeiro, Rocha Miranda",12:47,Hoje
Moto G7 Power,https://rj.olx.com.br/rio-de-janeiro-e-regiao/celulares/moto-g7-power-658344248?xtmc=celular&xtnp=3&xtcr=20,R$ 669,"Rio de Janeiro, Bonsucesso",12:43,Hoje
S10+ 512 GB cerâmica lacrado com nota!,https://rj.olx.com.br/rio-de-janeiro-e-regiao/celulares/s10-512-gb-ceramica-lacrado-com-nota-658343829?xtmc=celular&xtnp=3&xtcr=21,R$ 3.800,"Rio de Janeiro, Maracanã",12:38,Hoje
Xiaomi Mi 8 R$800,https://rj.olx.com.br/rio-de-janeiro-e-regiao/celulares/xiaomi-mi-8-r-800-658343358?xtmc=celular&xtnp=3&xtcr=22,R$ 800,"Rio de Janeiro, Costa Barros",12:33,Hoje
Iphone 6s 64gb,https://rj.olx.com.br/rio-de-janeiro-e-regiao/celulares/iphone-6s-64gb-658342894?xtmc=celular&xtnp=3&xtcr=23,R$ 850,"Rio de Janeiro, Penha",12:28,Hoje
Troco ou vendo iPhone 5s 16gb,https://rj.olx.com.br/rio-de-janeiro-e-regiao/celulares/troco-ou-vendo-iphone-5s-16gb-658342412?xtmc=celular&xtnp=3&xtcr=24,R$ 450,"Rio de Janeiro, Vigário Geral",12:23,Hoje
Vendo IPhone se,https://rj.olx.com.br/rio-de-janeiro-e-regiao/celulares/vendo-iphone-se-658342079?xtmc=celular&xtnp=3&xtcr=25,R$ 800,"Rio de Janeiro, Vicente de Carvalho",12:19,Hoje
Xiaomi redmi note 7,https://rj.olx.com.br/rio-de-janeiro-e-regiao/celulares/xiaomi-redmi-note-7-658326856?xtmc=celular&xtnp=3&xtcr=26,R$ 950,"Rio de Janeiro, Del Castilho",02:09,Hoje
IPhone 7 32 gb,https://rj.olx.com.br/rio-de-janeiro-e-regiao/celulares/iphone-7-32-gb-658326313?xtmc=celular&xtnp=3&xtcr=27,R$ 2.000,"Rio de Janeiro, Tijuca",01:56,Hoje
Fones De Ouvido Xiaomi Redmi Airdots Bluetooth 5.0,https://rj.olx.com.br/rio-de-janeiro-e-regiao/celulares/fones-de-ouvido-xiaomi-redmi-airdots-bluetooth-5-0-653971892?xtmc=celular&xtnp=3&xtcr=28,R$ 150,"Rio de Janeiro, Maracanã",12:00,Hoje
Samsung a7 2018,https://rj.olx.com.br/rio-de-janeiro-e-regiao/celulares/samsung-a7-2018-658326111?xtmc=celular&xtnp=3&xtcr=30,R$ 798,"Rio de Janeiro, Irajá",01:49,Hoje
Vendo Bateria Moto G1,https://rj.olx.com.br/rio-de-janeiro-e-regiao/celulares/vendo-bateria-moto-g1-658324456?xtmc=celular&xtnp=3&xtcr=31,R$ 80,"Rio de Janeiro, Andaraí",01:29,Hoje
Relógio Smartband M3 Pressão Arterial Batimentos Cardiacos,https://rj.olx.com.br/rio-de-janeiro-e-regiao/celulares/relogio-smartband-m3-pressao-arterial-batimentos-cardiacos-658340200?xtmc=celular&xtnp=3&xtcr=32,R$ 55,"Rio de Janeiro, Costa Barros",11:27,Hoje
P30 Lite,https://rj.olx.com.br/rio-de-janeiro-e-regiao/celulares/p30-lite-658323946?xtmc=celular&xtnp=3&xtcr=33,R$ 1.000,"Rio de Janeiro, Irajá",01:21,Hoje
J8 plus,https://rj.olx.com.br/rio-de-janeiro-e-regiao/celulares/j8-plus-658323794?xtmc=celular&xtnp=3&xtcr=34,R$ 650,"Rio de Janeiro, Jardim Carioca",01:17,Hoje
Moto G4 Novo,https://rj.olx.com.br/rio-de-janeiro-e-regiao/celulares/moto-g4-novo-658338721?xtmc=celular&xtnp=3&xtcr=36,R$ 400,"Rio de Janeiro, Colégio",10:49,Hoje
S10 biometria na tela 384 gigas .veja !!!,https://rj.olx.com.br/rio-de-janeiro-e-regiao/celulares/s10-biometria-na-tela-384-gigas-veja-658318649?xtmc=celular&xtnp=3&xtcr=37,R$ 2.700,Rio de Janeiro,00:33,Hoje
IPhone 6 completo e original,https://rj.olx.com.br/rio-de-janeiro-e-regiao/celulares/iphone-6-completo-e-original-658315725?xtmc=celular&xtnp=3&xtcr=38,R$ 950,"Rio de Janeiro, Maracanã",00:07,Hoje
Fone Original EarPods apple,https://rj.olx.com.br/rio-de-janeiro-e-regiao/celulares/fone-original-earpods-apple-658314979?xtmc=celular&xtnp=3&xtcr=39,R$ 99,"Rio de Janeiro, Bonsucesso",23:59,Ontem
"Suporte Universal para Celulares - Suporte ""Preguiçoso""",https://rj.olx.com.br/rio-de-janeiro-e-regiao/celulares/suporte-universal-para-celulares-suporte-preguicoso-658336724?xtmc=celular&xtnp=3&xtcr=40,R$ 175,"Rio de Janeiro, Higienópolis",09:49,Hoje
Vendo Bateria Samsung,https://rj.olx.com.br/rio-de-janeiro-e-regiao/celulares/vendo-bateria-samsung-658313968?xtmc=celular&xtnp=3&xtcr=41,R$ 40,"Rio de Janeiro, Andaraí",23:50,Ontem
Celular j4+,https://rj.olx.com.br/rio-de-janeiro-e-regiao/celulares/celular-j4-658313658?xtmc=celular&xtnp=3&xtcr=42,R$ 400,"Rio de Janeiro, Inhaúma",23:47,Ontem
Vendo A8,https://rj.olx.com.br/rio-de-janeiro-e-regiao/celulares/vendo-a8-658313638?xtmc=celular&xtnp=3&xtcr=43,R$ 750,"Rio de Janeiro, São Cristóvão",23:47,Ontem
Tela Frontal Moto G2 Nova e testada com Garantia,https://rj.olx.com.br/rio-de-janeiro-e-regiao/celulares/tela-frontal-moto-g2-nova-e-testada-com-garantia-658311404?xtmc=celular&xtnp=3&xtcr=44,R$ 70,"Rio de Janeiro, Parada de Lucas",23:29,Ontem
IPhone 7 128GB Rose novo garantia Apple loja física,https://rj.olx.com.br/rio-de-janeiro-e-regiao/celulares/iphone-7-128gb-rose-novo-garantia-apple-loja-fisica-658309888?xtmc=celular&xtnp=3&xtcr=45,R$ 1.700,"Rio de Janeiro, Todos os Santos",23:16,Ontem
IPhone 8,https://rj.olx.com.br/rio-de-janeiro-e-regiao/celulares/iphone-8-658309315?xtmc=celular&xtnp=3&xtcr=46,R$ 2.100,"Rio de Janeiro, Vila Kosmos",23:12,Ontem
Asus Zenfone 4 Selfie 64GB V/T,https://rj.olx.com.br/rio-de-janeiro-e-regiao/celulares/asus-zenfone-4-selfie-64gb-v-t-658308755?xtmc=celular&xtnp=3&xtcr=47,R$ 749,"Rio de Janeiro, Irajá",23:09,Ontem
J5 com display queimado,https://rj.olx.com.br/rio-de-janeiro-e-regiao/celulares/j5-com-display-queimado-658306957?xtmc=celular&xtnp=3&xtcr=48,R$ 100,"Rio de Janeiro, Pavuna",22:56,Ontem
J7 prime j5 prime,https://rj.olx.com.br/rio-de-janeiro-e-regiao/celulares/j7-prime-j5-prime-658303438?xtmc=celular&xtnp=3&xtcr=49,R$ 200,Rio de Janeiro,22:33,Ontem
IPhone 6 Plus,https://rj.olx.com.br/rio-de-janeiro-e-regiao/celulares/iphone-6-plus-658297802?xtmc=celular&xtnp=3&xtcr=50,R$ 850,"Rio de Janeiro, Piedade",21:59,Ontem
LG K10 Celular De 32GB Bom Estado (Valor Final),https://rj.olx.com.br/rio-de-janeiro-e-regiao/celulares/lg-k10-celular-de-32gb-bom-estado-valor-final-658356538?xtmc=celular&xtnp=4&xtcr=1,R$ 280,"Rio de Janeiro, Madureira",13:50,Hoje
J7 pró funcionando perfeitamente.leia o anúncio,https://rj.olx.com.br/rio-de-janeiro-e-regiao/celulares/j7-pro-funcionando-perfeitamente-leia-o-anuncio-658356034?xtmc=celular&xtnp=4&xtcr=2,R$ 420,"Rio de Janeiro, Braz de Pina",13:50,Hoje
Xiaomi Mi9T 6gb de RAM 64gb completo na caixa estado de zero,https://rj.olx.com.br/rio-de-janeiro-e-regiao/celulares/xiaomi-mi9t-6gb-de-ram-64gb-completo-na-caixa-estado-de-zero-658352737?xtmc=celular&xtnp=4&xtcr=3,R$ 1.650,"Rio de Janeiro, Cachambi",13:48,Hoje
Celulares,https://rj.olx.com.br/rio-de-janeiro-e-regiao/celulares/celulares-658352111?xtmc=celular&xtnp=4&xtcr=4,R$ 100,"Rio de Janeiro, Penha",13:48,Hoje
Samsung S9 Plus 128gb muito novo na caixa com nota fiscal,https://rj.olx.com.br/rio-de-janeiro-e-regiao/celulares/samsung-s9-plus-128gb-muito-novo-na-caixa-com-nota-fiscal-658352132?xtmc=celular&xtnp=4&xtcr=5,R$ 1.600,"Rio de Janeiro, Cachambi",13:48,Hoje
Celulares,https://rj.olx.com.br/rio-de-janeiro-e-regiao/celulares/celulares-658351506?xtmc=celular&xtnp=4&xtcr=6,R$ 100,"Rio de Janeiro, Penha",13:48,Hoje
Celular,https://rj.olx.com.br/rio-de-janeiro-e-regiao/celulares/celular-658351349?xtmc=celular&xtnp=4&xtcr=7,R$ 300,"Rio de Janeiro, Penha",13:48,Hoje
Celular,https://rj.olx.com.br/rio-de-janeiro-e-regiao/celulares/celular-658350101?xtmc=celular&xtnp=4&xtcr=8,R$ 260,"Rio de Janeiro, Penha Circular",13:47,Hoje
IPhone 5s Prata,https://rj.olx.com.br/rio-de-janeiro-e-regiao/celulares/iphone-5s-prata-658350385?xtmc=celular&xtnp=4&xtcr=9,R$ 1.000,"Rio de Janeiro, Rocha Miranda",13:45,Hoje
Asus Zenfone Mx1 Usado com embalagem desbloqueado,https://rj.olx.com.br/rio-de-janeiro-e-regiao/celulares/asus-zenfone-mx1-usado-com-embalagem-desbloqueado-658340031?xtmc=celular&xtnp=4&xtcr=10,,"Rio de Janeiro, Colégio",11:24,Hoje
Pulseira de silicone para Apple Watch,https://rj.olx.com.br/rio-de-janeiro-e-regiao/celulares/pulseira-de-silicone-para-apple-watch-658339854?xtmc=celular&xtnp=4&xtcr=11,R$ 27,"Rio de Janeiro, Irajá",11:20,Hoje
Vendo s9 + 128 gb R$1.300,https://rj.olx.com.br/rio-de-janeiro-e-regiao/celulares/vendo-s9-128-gb-r-1-300-658346009?xtmc=celular&xtnp=4&xtcr=12,R$ 1.300,"Rio de Janeiro, Guadalupe",13:07,Hoje
Placa Moto G5 play c/ câmeras,https://rj.olx.com.br/rio-de-janeiro-e-regiao/celulares/placa-moto-g5-play-c-cameras-658345593?xtmc=celular&xtnp=4&xtcr=13,R$ 190,"Rio de Janeiro, Inhaúma",13:02,Hoje
Zenfone Zoom S 68 GB e 4 de RAM (Leia ?),https://rj.olx.com.br/rio-de-janeiro-e-regiao/celulares/zenfone-zoom-s-68-gb-e-4-de-ram-leia-658345552?xtmc=celular&xtnp=4&xtcr=14,R$ 300,"Rio de Janeiro, Acari",13:02,Hoje
IPhone 7 32gb Rose,https://rj.olx.com.br/rio-de-janeiro-e-regiao/celulares/iphone-7-32gb-rose-658344526?xtmc=celular&xtnp=4&xtcr=16,R$ 1.500,"Rio de Janeiro, Rocha Miranda",12:47,Hoje
Moto G7 Power,https://rj.olx.com.br/rio-de-janeiro-e-regiao/celulares/moto-g7-power-658344248?xtmc=celular&xtnp=4&xtcr=17,R$ 669,"Rio de Janeiro, Bonsucesso",12:43,Hoje
Vendo,https://rj.olx.com.br/rio-de-janeiro-e-regiao/celulares/vendo-658338705?xtmc=celular&xtnp=4&xtcr=18,R$ 400,"Rio de Janeiro, Colégio",10:47,Hoje
S10+ 512 GB cerâmica lacrado com nota!,https://rj.olx.com.br/rio-de-janeiro-e-regiao/celulares/s10-512-gb-ceramica-lacrado-com-nota-658343829?xtmc=celular&xtnp=4&xtcr=19,R$ 3.800,"Rio de Janeiro, Maracanã",12:38,Hoje
Xiaomi Mi 8 R$800,https://rj.olx.com.br/rio-de-janeiro-e-regiao/celulares/xiaomi-mi-8-r-800-658343358?xtmc=celular&xtnp=4&xtcr=20,R$ 800,"Rio de Janeiro, Costa Barros",12:33,Hoje
Iphone 6s 64gb,https://rj.olx.com.br/rio-de-janeiro-e-regiao/celulares/iphone-6s-64gb-658342894?xtmc=celular&xtnp=4&xtcr=21,R$ 850,"Rio de Janeiro, Penha",12:28,Hoje
Troco ou vendo iPhone 5s 16gb,https://rj.olx.com.br/rio-de-janeiro-e-regiao/celulares/troco-ou-vendo-iphone-5s-16gb-658342412?xtmc=celular&xtnp=4&xtcr=22,R$ 450,"Rio de Janeiro, Vigário Geral",12:23,Hoje
Vendo IPhone se,https://rj.olx.com.br/rio-de-janeiro-e-regiao/celulares/vendo-iphone-se-658342079?xtmc=celular&xtnp=4&xtcr=23,R$ 800,"Rio de Janeiro, Vicente de Carvalho",12:19,Hoje
Fones De Ouvido Xiaomi Redmi Airdots Bluetooth 5.0,https://rj.olx.com.br/rio-de-janeiro-e-regiao/celulares/fones-de-ouvido-xiaomi-redmi-airdots-bluetooth-5-0-653971892?xtmc=celular&xtnp=4&xtcr=24,R$ 150,"Rio de Janeiro, Maracanã",12:00,Hoje
Relógio Smartband M3 Pressão Arterial Batimentos Cardiacos,https://rj.olx.com.br/rio-de-janeiro-e-regiao/celulares/relogio-smartband-m3-pressao-arterial-batimentos-cardiacos-658340200?xtmc=celular&xtnp=4&xtcr=25,R$ 55,"Rio de Janeiro, Costa Barros",11:27,Hoje
A6 Esportivo Smart a prova d'água e sensor,https://rj.olx.com.br/rio-de-janeiro-e-regiao/celulares/a6-esportivo-smart-a-prova-d-agua-e-sensor-658335887?xtmc=celular&xtnp=4&xtcr=27,R$ 189,"Rio de Janeiro, Del Castilho",09:15,Hoje
Moto g 5s plus *Excelente Estado,https://rj.olx.com.br/rio-de-janeiro-e-regiao/celulares/moto-g-5s-plus-excelente-estado-658328742?xtmc=celular&xtnp=4&xtcr=28,R$ 700,"Rio de Janeiro, Penha",03:15,Hoje
IPhone 7,https://rj.olx.com.br/rio-de-janeiro-e-regiao/celulares/iphone-7-658335465?xtmc=celular&xtnp=4&xtcr=29,R$ 1.300,"Rio de Janeiro, Benfica",09:05,Hoje
Galaxy S10 Plus,https://rj.olx.com.br/rio-de-janeiro-e-regiao/celulares/galaxy-s10-plus-658328571?xtmc=celular&xtnp=4&xtcr=30,R$ 2.689,"Rio de Janeiro, Bancários",03:08,Hoje
Moto G4 Novo,https://rj.olx.com.br/rio-de-janeiro-e-regiao/celulares/moto-g4-novo-658338721?xtmc=celular&xtnp=4&xtcr=31,R$ 400,"Rio de Janeiro, Colégio",10:49,Hoje
IPhone 8 Plus 64 g,https://rj.olx.com.br/rio-de-janeiro-e-regiao/celulares/iphone-8-plus-64-g-658334528?xtmc=celular&xtnp=4&xtcr=33,R$ 2.900,"Rio de Janeiro, Cacuia",08:40,Hoje
LG k11+ dual chip tela trincada funciona tudo perfeitamente 32gb,https://rj.olx.com.br/rio-de-janeiro-e-regiao/celulares/lg-k11-dual-chip-tela-trincada-funciona-tudo-perfeitamente-32gb-658334455?xtmc=celular&xtnp=4&xtcr=34,R$ 260,"Rio de Janeiro, Irajá",08:38,Hoje
Pulseira/relógio inteligente - Mi Band 4,https://rj.olx.com.br/rio-de-janeiro-e-regiao/celulares/pulseira-relogio-inteligente-mi-band-4-658334406?xtmc=celular&xtnp=4&xtcr=35,R$ 190,"Rio de Janeiro, Vasco da Gama",08:36,Hoje
J7 pro 64 g aceito cartão,https://rj.olx.com.br/rio-de-janeiro-e-regiao/celulares/j7-pro-64-g-aceito-cartao-658334072?xtmc=celular&xtnp=4&xtcr=36,R$ 570,"Rio de Janeiro, Vila Kosmos",08:25,Hoje
J1 aceito cartão,https://rj.olx.com.br/rio-de-janeiro-e-regiao/celulares/j1-aceito-cartao-658333953?xtmc=celular&xtnp=4&xtcr=37,R$ 165,"Rio de Janeiro, Vila Kosmos",08:21,Hoje
"Suporte Universal para Celulares - Suporte ""Preguiçoso""",https://rj.olx.com.br/rio-de-janeiro-e-regiao/celulares/suporte-universal-para-celulares-suporte-preguicoso-658336724?xtmc=celular&xtnp=4&xtcr=39,R$ 175,"Rio de Janeiro, Higienópolis",09:49,Hoje
J6,https://rj.olx.com.br/rio-de-janeiro-e-regiao/celulares/j6-658326723?xtmc=celular&xtnp=4&xtcr=40,R$ 350,"Rio de Janeiro, Pavuna",02:06,Hoje
Fornecedor Display Celular Motorola,https://rj.olx.com.br/rio-de-janeiro-e-regiao/celulares/fornecedor-display-celular-motorola-646275995?xtmc=celular&xtnp=4&xtcr=42,R$ 50,"Rio de Janeiro, Cachambi",01:45,Hoje
Galaxy S8 Trincado,https://rj.olx.com.br/rio-de-janeiro-e-regiao/celulares/galaxy-s8-trincado-658324430?xtmc=celular&xtnp=4&xtcr=44,R$ 550,"Rio de Janeiro, Cascadura",01:29,Hoje
Moto G4 plus 32gb aspecto de novo sem arranhões,https://rj.olx.com.br/rio-de-janeiro-e-regiao/celulares/moto-g4-plus-32gb-aspecto-de-novo-sem-arranhoes-658324189?xtmc=celular&xtnp=4&xtcr=45,R$ 350,"Rio de Janeiro, Penha",01:27,Hoje
J5 Prime Rosa,https://rj.olx.com.br/rio-de-janeiro-e-regiao/celulares/j5-prime-rosa-658324012?xtmc=celular&xtnp=4&xtcr=46,R$ 380,"Rio de Janeiro, Penha Circular",01:23,Hoje
J6,https://rj.olx.com.br/rio-de-janeiro-e-regiao/celulares/j6-658323923?xtmc=celular&xtnp=4&xtcr=47,R$ 450,"Rio de Janeiro, Jardim Carioca",01:21,Hoje
A6+,https://rj.olx.com.br/rio-de-janeiro-e-regiao/celulares/a6-658323275?xtmc=celular&xtnp=4&xtcr=48,R$ 780,"Rio de Janeiro, Jardim Carioca",01:11,Hoje
IPhone 6s 32Gb,https://rj.olx.com.br/rio-de-janeiro-e-regiao/celulares/iphone-6s-32gb-658322362?xtmc=celular&xtnp=4&xtcr=49,R$ 890,"Rio de Janeiro, Jardim Carioca",01:05,Hoje
Huawei P20 pro L29 128 Gb 6 Gb rom,https://rj.olx.com.br/rio-de-janeiro-e-regiao/celulares/huawei-p20-pro-l29-128-gb-6-gb-rom-658318950?xtmc=celular&xtnp=5&xtcr=2,R$ 2.300,"Rio de Janeiro, Engenho de Dentro",00:35,Hoje
Moto g7 play 32gb,https://rj.olx.com.br/rio-de-janeiro-e-regiao/celulares/moto-g7-play-32gb-658329914?xtmc=celular&xtnp=5&xtcr=3,R$ 450,"Rio de Janeiro, Penha Circular",06:07,Hoje
Celular J3,https://rj.olx.com.br/rio-de-janeiro-e-regiao/celulares/celular-j3-658310606?xtmc=celular&xtnp=5&xtcr=4,R$ 300,"Rio de Janeiro, Madureira",23:21,Ontem
IPhone 7 128GB zero com garantia Apple loja física,https://rj.olx.com.br/rio-de-janeiro-e-regiao/celulares/iphone-7-128gb-zero-com-garantia-apple-loja-fisica-658310385?xtmc=celular&xtnp=5&xtcr=5,R$ 1.700,"Rio de Janeiro, Del Castilho",23:19,Ontem
LG G4 o top da linha v/t,https://rj.olx.com.br/rio-de-janeiro-e-regiao/celulares/lg-g4-o-top-da-linha-v-t-658310221?xtmc=celular&xtnp=5&xtcr=6,R$ 649,"Rio de Janeiro, Vila da Penha",23:18,Ontem
Rádio EP 450,https://rj.olx.com.br/rio-de-janeiro-e-regiao/celulares/radio-ep-450-658309870?xtmc=celular&xtnp=5&xtcr=7,R$ 400,"Rio de Janeiro, Tomás Coelho",23:16,Ontem
IPhone 8 impecável,https://rj.olx.com.br/rio-de-janeiro-e-regiao/celulares/iphone-8-impecavel-658307543?xtmc=celular&xtnp=5&xtcr=8,R$ 500,"Rio de Janeiro, Pilares",23:00,Ontem
Controle Joystick,https://rj.olx.com.br/rio-de-janeiro-e-regiao/celulares/controle-joystick-658330397?xtmc=celular&xtnp=5&xtcr=9,R$ 120,"Rio de Janeiro, Vila da Penha",06:26,Hoje
Iphone 7 32gb,https://rj.olx.com.br/rio-de-janeiro-e-regiao/celulares/iphone-7-32gb-658306960?xtmc=celular&xtnp=5&xtcr=10,R$ 1.700,"Rio de Janeiro, Portuguesa",22:56,Ontem
Alcatel pixi aceito trocas,https://rj.olx.com.br/rio-de-janeiro-e-regiao/celulares/alcatel-pixi-aceito-trocas-658305805?xtmc=celular&xtnp=5&xtcr=11,R$ 150,"Rio de Janeiro, Pavuna",22:48,Ontem
Celular oukitel c13 Android 9.0 2 chips 32GB,https://rj.olx.com.br/rio-de-janeiro-e-regiao/celulares/celular-oukitel-c13-android-9-0-2-chips-32gb-658304971?xtmc=celular&xtnp=5&xtcr=12,R$ 750,"Rio de Janeiro, Bonsucesso",22:43,Ontem
J7 metal vt,https://rj.olx.com.br/rio-de-janeiro-e-regiao/celulares/j7-metal-vt-658304486?xtmc=celular&xtnp=5&xtcr=13,R$ 300,"Rio de Janeiro, Oswaldo Cruz",22:39,Ontem
Samsung,https://rj.olx.com.br/rio-de-janeiro-e-regiao/celulares/samsung-658303895?xtmc=celular&xtnp=5&xtcr=14,R$ 2.200,"Rio de Janeiro, Grajaú",22:35,Ontem
IPhone 6s 128gb,https://rj.olx.com.br/rio-de-janeiro-e-regiao/celulares/iphone-6s-128gb-658300910?xtmc=celular&xtnp=5&xtcr=15,R$ 930,"Rio de Janeiro, São Cristóvão",22:17,Ontem
IPhone 7 32GB Prata semi novo loja física,https://rj.olx.com.br/rio-de-janeiro-e-regiao/celulares/iphone-7-32gb-prata-semi-novo-loja-fisica-658300565?xtmc=celular&xtnp=5&xtcr=16,R$ 1.550,Rio de Janeiro,22:15,Ontem
J7,https://rj.olx.com.br/rio-de-janeiro-e-regiao/celulares/j7-658300384?xtmc=celular&xtnp=5&xtcr=17,R$ 350,"Rio de Janeiro, Madureira",22:14,Ontem
IPhone 7 128GB Rose novo,https://rj.olx.com.br/rio-de-janeiro-e-regiao/celulares/iphone-7-128gb-rose-novo-658292638?xtmc=celular&xtnp=5&xtcr=18,R$ 1.700,Rio de Janeiro,21:34,Ontem
"Pego celular na faixa de R$ 200,00",https://rj.olx.com.br/rio-de-janeiro-e-regiao/celulares/pego-celular-na-faixa-de-r-200-00-658292856?xtmc=celular&xtnp=5&xtcr=19,R$ 200,"Rio de Janeiro, Anchieta",21:33,Ontem
Vendo samsung galaxy s9 troco por ps4 slim ou xbox one s,https://rj.olx.com.br/rio-de-janeiro-e-regiao/celulares/vendo-samsung-galaxy-s9-troco-por-ps4-slim-ou-xbox-one-s-658328313?xtmc=celular&xtnp=5&xtcr=20,R$ 1.350,Rio de Janeiro,03:05,Hoje
Vendo iPhone 6s 32G,https://rj.olx.com.br/rio-de-janeiro-e-regiao/celulares/vendo-iphone-6s-32g-658291582?xtmc=celular&xtnp=5&xtcr=21,R$ 900,"Rio de Janeiro, Braz de Pina",21:29,Ontem
Vendo um k10 e J3 ambos novos,https://rj.olx.com.br/rio-de-janeiro-e-regiao/celulares/vendo-um-k10-e-j3-ambos-novos-658289935?xtmc=celular&xtnp=5&xtcr=22,R$ 630,"Rio de Janeiro, Abolição",21:22,Ontem
J5 pro funcionando perfeitamente com capa e pelicola,https://rj.olx.com.br/rio-de-janeiro-e-regiao/celulares/j5-pro-funcionando-perfeitamente-com-capa-e-pelicola-658289231?xtmc=celular&xtnp=5&xtcr=23,R$ 500,"Rio de Janeiro, Anchieta",21:18,Ontem
Smart Watch M26 para iPhone,https://rj.olx.com.br/rio-de-janeiro-e-regiao/celulares/smart-watch-m26-para-iphone-658288413?xtmc=celular&xtnp=5&xtcr=24,R$ 245,"Rio de Janeiro, Del Castilho",21:14,Ontem
Samsung J7,https://rj.olx.com.br/rio-de-janeiro-e-regiao/celulares/samsung-j7-658288377?xtmc=celular&xtnp=5&xtcr=25,R$ 450,"Rio de Janeiro, Cascadura",21:14,Ontem
"Celular Leeco le 2 x526 (3 GB RAM, 64 ROM)",https://rj.olx.com.br/rio-de-janeiro-e-regiao/celulares/celular-leeco-le-2-x526-3-gb-ram-64-rom-658286878?xtmc=celular&xtnp=5&xtcr=27,R$ 2,"Rio de Janeiro, Praça da Bandeira",21:06,Ontem
Iphone 7 plus,https://rj.olx.com.br/rio-de-janeiro-e-regiao/celulares/iphone-7-plus-658284405?xtmc=celular&xtnp=5&xtcr=28,R$ 1.800,"Rio de Janeiro, Vicente de Carvalho",20:54,Ontem
IPhone se 32 GB,https://rj.olx.com.br/rio-de-janeiro-e-regiao/celulares/iphone-se-32-gb-658283981?xtmc=celular&xtnp=5&xtcr=29,R$ 600,"Rio de Janeiro, Inhaúma",20:52,Ontem
M2 Bracelete Bluetooth com P.A,https://rj.olx.com.br/rio-de-janeiro-e-regiao/celulares/m2-bracelete-bluetooth-com-p-a-658282778?xtmc=celular&xtnp=5&xtcr=30,R$ 113,"Rio de Janeiro, Del Castilho",20:45,Ontem
Moto One,https://rj.olx.com.br/rio-de-janeiro-e-regiao/celulares/moto-one-658282297?xtmc=celular&xtnp=5&xtcr=31,R$ 900,"Rio de Janeiro, Ramos",20:43,Ontem
Xiaomi redmi note 7,https://rj.olx.com.br/rio-de-janeiro-e-regiao/celulares/xiaomi-redmi-note-7-658326856?xtmc=celular&xtnp=5&xtcr=32,R$ 950,"Rio de Janeiro, Del Castilho",02:09,Hoje
Motorola Moto C Plus. lindoooooo,https://rj.olx.com.br/rio-de-janeiro-e-regiao/celulares/motorola-moto-c-plus-lindoooooo-658281052?xtmc=celular&xtnp=5&xtcr=33,R$ 250,Rio de Janeiro,20:36,Ontem
Relogio Smart A6 = @ Pulseiras,https://rj.olx.com.br/rio-de-janeiro-e-regiao/celulares/relogio-smart-a6-pulseiras-658280864?xtmc=celular&xtnp=5&xtcr=34,R$ 199,"Rio de Janeiro, Del Castilho",20:35,Ontem
A1 Smart Watch,https://rj.olx.com.br/rio-de-janeiro-e-regiao/celulares/a1-smart-watch-658279976?xtmc=celular&xtnp=5&xtcr=35,R$ 105,"Rio de Janeiro, Del Castilho",20:31,Ontem
Moto G5S Aceito Trocas,https://rj.olx.com.br/rio-de-janeiro-e-regiao/celulares/moto-g5s-aceito-trocas-658279542?xtmc=celular&xtnp=5&xtcr=36,R$ 350,"Rio de Janeiro, Tijuca",20:29,Ontem
IPhone 7 32 gb,https://rj.olx.com.br/rio-de-janeiro-e-regiao/celulares/iphone-7-32-gb-658326313?xtmc=celular&xtnp=5&xtcr=37,R$ 2.000,"Rio de Janeiro, Tijuca",01:56,Hoje
Samsung a7 2018,https://rj.olx.com.br/rio-de-janeiro-e-regiao/celulares/samsung-a7-2018-658326111?xtmc=celular&xtnp=5&xtcr=39,R$ 798,"Rio de Janeiro, Irajá",01:49,Hoje
IPhone 5s,https://rj.olx.com.br/rio-de-janeiro-e-regiao/celulares/iphone-5s-658277611?xtmc=celular&xtnp=5&xtcr=40,R$ 500,Rio de Janeiro,20:20,Ontem
IPhone 7,https://rj.olx.com.br/rio-de-janeiro-e-regiao/celulares/iphone-7-658277366?xtmc=celular&xtnp=5&xtcr=41,R$ 1.300,"Rio de Janeiro, Ramos",20:19,Ontem
Celular,https://rj.olx.com.br/rio-de-janeiro-e-regiao/celulares/celular-658275863?xtmc=celular&xtnp=5&xtcr=42,R$ 150,"Rio de Janeiro, Ramos",20:12,Ontem
Samsung j3,https://rj.olx.com.br/rio-de-janeiro-e-regiao/celulares/samsung-j3-658274982?xtmc=celular&xtnp=5&xtcr=43,R$ 70,"Rio de Janeiro, Ramos",20:08,Ontem
Net flix Promoção imperdível plano 4 telas,https://rj.olx.com.br/rio-de-janeiro-e-regiao/celulares/net-flix-promocao-imperdivel-plano-4-telas-658328839?xtmc=celular&xtnp=5&xtcr=44,R$ 10,"Rio de Janeiro, Cachambi",03:19,Hoje
Moto G7 Power,https://rj.olx.com.br/rio-de-janeiro-e-regiao/celulares/moto-g7-power-658328835?xtmc=celular&xtnp=5&xtcr=45,R$ 689,"Rio de Janeiro, Bancários",03:19,Hoje
J5 prime 32 gigas c/ biometria,https://rj.olx.com.br/rio-de-janeiro-e-regiao/celulares/j5-prime-32-gigas-c-biometria-658274484?xtmc=celular&xtnp=5&xtcr=46,R$ 400,"Rio de Janeiro, Pavuna",20:06,Ontem
Iphone 7 plus 128gb,https://rj.olx.com.br/rio-de-janeiro-e-regiao/celulares/iphone-7-plus-128gb-658273901?xtmc=celular&xtnp=5&xtcr=47,R$ 2.200,"Rio de Janeiro, Cachambi",20:03,Ontem
Vendo Bateria Moto G1,https://rj.olx.com.br/rio-de-janeiro-e-regiao/celulares/vendo-bateria-moto-g1-658324456?xtmc=celular&xtnp=5&xtcr=48,R$ 80,"Rio de Janeiro, Andaraí",01:29,Hoje
IPhone 8 Plus 64Gb,https://rj.olx.com.br/rio-de-janeiro-e-regiao/celulares/iphone-8-plus-64gb-658328708?xtmc=celular&xtnp=5&xtcr=49,R$ 2.550,"Rio de Janeiro, Bancários",03:12,Hoje
Mi band 3,https://rj.olx.com.br/rio-de-janeiro-e-regiao/celulares/mi-band-3-658273219?xtmc=celular&xtnp=5&xtcr=50,R$ 120,"Rio de Janeiro, Vila da Penha",19:58,Ontem
Smartband Galaxy Fit E Samsung Bluetooth 5.0 - Branco - Lacrado,https://rj.olx.com.br/rio-de-janeiro-e-regiao/celulares/smartband-galaxy-fit-e-samsung-bluetooth-5-0-branco-lacrado-658248841?xtmc=celular&xtnp=6&xtcr=1,R$ 160,"Rio de Janeiro, Tijuca",18:27,Ontem
Samsung j4 32gb,https://rj.olx.com.br/rio-de-janeiro-e-regiao/celulares/samsung-j4-32gb-658246256?xtmc=celular&xtnp=6&xtcr=2,R$ 399,"Rio de Janeiro, Marechal Hermes",18:23,Ontem
Relogio Smartwhatch Dz9,https://rj.olx.com.br/rio-de-janeiro-e-regiao/celulares/relogio-smartwhatch-dz9-658252025?xtmc=celular&xtnp=6&xtcr=3,R$ 60,"Rio de Janeiro, Braz de Pina",18:31,Ontem
Smartphone Galaxy J3,https://rj.olx.com.br/rio-de-janeiro-e-regiao/celulares/smartphone-galaxy-j3-658245625?xtmc=celular&xtnp=6&xtcr=4,R$ 360,"Rio de Janeiro, Madureira",18:21,Ontem
Snep bateria Power moto z2 force original zero,https://rj.olx.com.br/rio-de-janeiro-e-regiao/celulares/snep-bateria-power-moto-z2-force-original-zero-658245575?xtmc=celular&xtnp=6&xtcr=5,R$ 249,"Rio de Janeiro, Cachambi",18:20,Ontem
Central de PABX Siemens Hipath 1120,https://rj.olx.com.br/rio-de-janeiro-e-regiao/celulares/central-de-pabx-siemens-hipath-1120-658250067?xtmc=celular&xtnp=6&xtcr=6,R$ 500,"Rio de Janeiro, Praça da Bandeira",18:28,Ontem
Motorola Moto G1,https://rj.olx.com.br/rio-de-janeiro-e-regiao/celulares/motorola-moto-g1-658249752?xtmc=celular&xtnp=6&xtcr=7,R$ 150,"Rio de Janeiro, Vilar dos Teles",18:28,Ontem
IPhone 6 16gb,https://rj.olx.com.br/rio-de-janeiro-e-regiao/celulares/iphone-6-16gb-658245400?xtmc=celular&xtnp=6&xtcr=8,R$ 800,"Rio de Janeiro, Riachuelo",18:20,Ontem
IPhone X - Preto Cinza Espacial - 64GB (Completo),https://rj.olx.com.br/rio-de-janeiro-e-regiao/celulares/iphone-x-preto-cinza-espacial-64gb-completo-658245362?xtmc=celular&xtnp=6&xtcr=9,R$ 3.800,"Rio de Janeiro, Maracanã",18:19,Ontem
Vendo 1 moto c plus,https://rj.olx.com.br/rio-de-janeiro-e-regiao/celulares/vendo-1-moto-c-plus-658249316?xtmc=celular&xtnp=6&xtcr=10,R$ 250,"Rio de Janeiro, Abolição",18:27,Ontem
Bateria do moto x1,https://rj.olx.com.br/rio-de-janeiro-e-regiao/celulares/bateria-do-moto-x1-658248576?xtmc=celular&xtnp=6&xtcr=11,R$ 35,"Rio de Janeiro, Rio Comprido",18:27,Ontem
Samsung E5 16 g,https://rj.olx.com.br/rio-de-janeiro-e-regiao/celulares/samsung-e5-16-g-658248494?xtmc=celular&xtnp=6&xtcr=12,R$ 300,"Rio de Janeiro, Tijuca",18:27,Ontem
J7 metal dourado funcionando perfeitamente,https://rj.olx.com.br/rio-de-janeiro-e-regiao/celulares/j7-metal-dourado-funcionando-perfeitamente-658245933?xtmc=celular&xtnp=6&xtcr=13,R$ 450,"Rio de Janeiro, Pilares",18:22,Ontem
IPhone 8,https://rj.olx.com.br/rio-de-janeiro-e-regiao/celulares/iphone-8-658245846?xtmc=celular&xtnp=6&xtcr=14,R$ 1.800,"Rio de Janeiro, Anchieta",18:21,Ontem
LG K10 Tv digital,https://rj.olx.com.br/rio-de-janeiro-e-regiao/celulares/lg-k10-tv-digital-658244825?xtmc=celular&xtnp=6&xtcr=15,R$ 200,Rio de Janeiro,18:17,Ontem
Samsung J5 normal preto sem trincado,https://rj.olx.com.br/rio-de-janeiro-e-regiao/celulares/samsung-j5-normal-preto-sem-trincado-658242348?xtmc=celular&xtnp=6&xtcr=16,R$ 220,"Rio de Janeiro, Manguinhos",18:08,Ontem
Samsung s8,https://rj.olx.com.br/rio-de-janeiro-e-regiao/celulares/samsung-s8-658243251?xtmc=celular&xtnp=6&xtcr=17,R$ 950,"Rio de Janeiro, Jardim Carioca",18:11,Ontem
Iphone 5s,https://rj.olx.com.br/rio-de-janeiro-e-regiao/celulares/iphone-5s-658240869?xtmc=celular&xtnp=6&xtcr=18,R$ 450,"Rio de Janeiro, Ramos",18:02,Ontem
J7 pro 64gb troco em iphone 5s,https://rj.olx.com.br/rio-de-janeiro-e-regiao/celulares/j7-pro-64gb-troco-em-iphone-5s-658238772?xtmc=celular&xtnp=6&xtcr=19,R$ 400,"Rio de Janeiro, Méier",17:53,Ontem
Xiaomi redmi note 7 NF+ garantia aceito cartão,https://rj.olx.com.br/rio-de-janeiro-e-regiao/celulares/xiaomi-redmi-note-7-nf-garantia-aceito-cartao-658240617?xtmc=celular&xtnp=6&xtcr=20,R$ 960,"Rio de Janeiro, Olaria",18:00,Ontem
IPhone 7 128GB Rose novo com garantia Apple,https://rj.olx.com.br/rio-de-janeiro-e-regiao/celulares/iphone-7-128gb-rose-novo-com-garantia-apple-658238031?xtmc=celular&xtnp=6&xtcr=21,R$ 1.700,"Rio de Janeiro, Cachambi",17:50,Ontem
IPhone 8 Plus zero 64 GB,https://rj.olx.com.br/rio-de-janeiro-e-regiao/celulares/iphone-8-plus-zero-64-gb-658239507?xtmc=celular&xtnp=6&xtcr=22,R$ 2.550,"Rio de Janeiro, Ramos",17:56,Ontem
J8,https://rj.olx.com.br/rio-de-janeiro-e-regiao/celulares/j8-658235727?xtmc=celular&xtnp=6&xtcr=23,R$ 680,"Rio de Janeiro, Jardim Carioca",17:41,Ontem
A6 PLUS 64Gb,https://rj.olx.com.br/rio-de-janeiro-e-regiao/celulares/a6-plus-64gb-658235486?xtmc=celular&xtnp=6&xtcr=24,R$ 780,"Rio de Janeiro, Jardim Carioca",17:40,Ontem
IPhone 6s 32Gb,https://rj.olx.com.br/rio-de-janeiro-e-regiao/celulares/iphone-6s-32gb-658234399?xtmc=celular&xtnp=6&xtcr=25,R$ 900,"Rio de Janeiro, Jardim Carioca",17:36,Ontem
"IPhone 6s Gold 128GB R$:1.299,99",https://rj.olx.com.br/rio-de-janeiro-e-regiao/celulares/iphone-6s-gold-128gb-r-1-299-99-658232380?xtmc=celular&xtnp=6&xtcr=26,R$ 1.299,"Rio de Janeiro, Irajá",17:28,Ontem
Power Bank Anker PowerCore 13.000mAh Carregador Portátil,https://rj.olx.com.br/rio-de-janeiro-e-regiao/celulares/power-bank-anker-powercore-13-000mah-carregador-portatil-658232405?xtmc=celular&xtnp=6&xtcr=27,R$ 200,"Rio de Janeiro, Guadalupe",17:28,Ontem
Óculos gear vr,https://rj.olx.com.br/rio-de-janeiro-e-regiao/celulares/oculos-gear-vr-658231996?xtmc=celular&xtnp=6&xtcr=28,R$ 300,"Rio de Janeiro, Marechal Hermes",17:26,Ontem
IPhone SE 64gb,https://rj.olx.com.br/rio-de-janeiro-e-regiao/celulares/iphone-se-64gb-658231800?xtmc=celular&xtnp=6&xtcr=29,R$ 1.300,"Rio de Janeiro, Jardim Guanabara",17:26,Ontem
Motorola one vision,https://rj.olx.com.br/rio-de-janeiro-e-regiao/celulares/motorola-one-vision-658231117?xtmc=celular&xtnp=6&xtcr=30,R$ 1.500,"Rio de Janeiro, Bonsucesso",17:23,Ontem
Motorola g5 com flash,https://rj.olx.com.br/rio-de-janeiro-e-regiao/celulares/motorola-g5-com-flash-658227031?xtmc=celular&xtnp=6&xtcr=31,R$ 500,"Rio de Janeiro, Marechal Hermes",17:07,Ontem
Iphone 7,https://rj.olx.com.br/rio-de-janeiro-e-regiao/celulares/iphone-7-658228833?xtmc=celular&xtnp=6&xtcr=32,R$ 1.200,"Rio de Janeiro, Maré",17:14,Ontem
Xiaomi 6pro,https://rj.olx.com.br/rio-de-janeiro-e-regiao/celulares/xiaomi-6pro-658225265?xtmc=celular&xtnp=6&xtcr=33,R$ 650,"Rio de Janeiro, Ramos",17:00,Ontem
IPhone 8 Plus - Red Product,https://rj.olx.com.br/rio-de-janeiro-e-regiao/celulares/iphone-8-plus-red-product-658222935?xtmc=celular&xtnp=6&xtcr=34,R$ 2.999,Rio de Janeiro,16:52,Ontem
IPhone 7 128GB Rose zero,https://rj.olx.com.br/rio-de-janeiro-e-regiao/celulares/iphone-7-128gb-rose-zero-658222687?xtmc=celular&xtnp=6&xtcr=35,R$ 1.700,"Rio de Janeiro, Engenho de Dentro",16:51,Ontem
Celular Samsung Galaxy J5prime,https://rj.olx.com.br/rio-de-janeiro-e-regiao/celulares/celular-samsung-galaxy-j5prime-658219707?xtmc=celular&xtnp=6&xtcr=37,R$ 500,"Rio de Janeiro, Maracanã",16:40,Ontem
Vendo,https://rj.olx.com.br/rio-de-janeiro-e-regiao/celulares/vendo-658217255?xtmc=celular&xtnp=6&xtcr=38,R$ 850,"Rio de Janeiro, Maré",16:32,Ontem
IPhone 7 128GB Rose novo com garantia Apple,https://rj.olx.com.br/rio-de-janeiro-e-regiao/celulares/iphone-7-128gb-rose-novo-com-garantia-apple-658217930?xtmc=celular&xtnp=6&xtcr=39,R$ 1.700,Rio de Janeiro,16:34,Ontem
Samsung galaxy j8,https://rj.olx.com.br/rio-de-janeiro-e-regiao/celulares/samsung-galaxy-j8-658214686?xtmc=celular&xtnp=6&xtcr=40,R$ 600,"Rio de Janeiro, Jacaré",16:23,Ontem
Aparelho celular Moto G7 Plus muito novo na garantia,https://rj.olx.com.br/rio-de-janeiro-e-regiao/celulares/aparelho-celular-moto-g7-plus-muito-novo-na-garantia-658216200?xtmc=celular&xtnp=6&xtcr=41,R$ 1.000,"Rio de Janeiro, Todos os Santos",16:26,Ontem
IPhone 7 32gb. desbloqueado ainda na garantia,https://rj.olx.com.br/rio-de-janeiro-e-regiao/celulares/iphone-7-32gb-desbloqueado-ainda-na-garantia-658212709?xtmc=celular&xtnp=6&xtcr=42,R$ 1.500,"Rio de Janeiro, Bento Ribeiro",16:16,Ontem
Moto g5,https://rj.olx.com.br/rio-de-janeiro-e-regiao/celulares/moto-g5-658214773?xtmc=celular&xtnp=6&xtcr=43,R$ 400,"Rio de Janeiro, São Cristóvão",16:23,Ontem
Vendo LG k10 com um pouco trincado,https://rj.olx.com.br/rio-de-janeiro-e-regiao/celulares/vendo-lg-k10-com-um-pouco-trincado-658214362?xtmc=celular&xtnp=6&xtcr=44,R$ 150,"Rio de Janeiro, Engenho Novo",16:20,Ontem
Moto X 2 (2* geração),https://rj.olx.com.br/rio-de-janeiro-e-regiao/celulares/moto-x-2-2-geracao-658213710?xtmc=celular&xtnp=6&xtcr=45,R$ 400,"Rio de Janeiro, Pilares",16:19,Ontem
IPhone 6s Plus 64GB Dourado semi novo loja física,https://rj.olx.com.br/rio-de-janeiro-e-regiao/celulares/iphone-6s-plus-64gb-dourado-semi-novo-loja-fisica-658213225?xtmc=celular&xtnp=6&xtcr=46,R$ 1.600,Rio de Janeiro,16:18,Ontem
Asus Zenfone Go tv e radio e um et kkk aproveita,https://rj.olx.com.br/rio-de-janeiro-e-regiao/celulares/asus-zenfone-go-tv-e-radio-e-um-et-kkk-aproveita-658210688?xtmc=celular&xtnp=6&xtcr=47,R$ 150,"Rio de Janeiro, Inhaúma",16:09,Ontem
6s 32gb,https://rj.olx.com.br/rio-de-janeiro-e-regiao/celulares/6s-32gb-658210057?xtmc=celular&xtnp=6&xtcr=48,R$ 950,"Rio de Janeiro, Irajá",16:07,Ontem
Zenfone 2,https://rj.olx.com.br/rio-de-janeiro-e-regiao/celulares/zenfone-2-658209650?xtmc=celular&xtnp=6&xtcr=49,R$ 170,"Rio de Janeiro, Coelho Neto",16:05,Ontem
IPhone 7 Plus dourado 32 gb,https://rj.olx.com.br/rio-de-janeiro-e-regiao/celulares/iphone-7-plus-dourado-32-gb-658209477?xtmc=celular&xtnp=6&xtcr=50,R$ 1.800,"Rio de Janeiro, Bancários",16:05,Ontem
7 plus 128gb,https://rj.olx.com.br/rio-de-janeiro-e-regiao/celulares/7-plus-128gb-658285799?xtmc=celular&xtnp=7&xtcr=1,R$ 1.800,"Rio de Janeiro, Irajá",21:01,Ontem
I9s Fone sem fio bem pequeno magnetico - Capa gratis,https://rj.olx.com.br/rio-de-janeiro-e-regiao/celulares/i9s-fone-sem-fio-bem-pequeno-magnetico-capa-gratis-658285725?xtmc=celular&xtnp=7&xtcr=2,R$ 185,"Rio de Janeiro, Engenho de Dentro",21:01,Ontem
Vendo j7,https://rj.olx.com.br/rio-de-janeiro-e-regiao/celulares/vendo-j7-658285568?xtmc=celular&xtnp=7&xtcr=3,R$ 300,"Rio de Janeiro, Acari",21:00,Ontem
Samsung s8,https://rj.olx.com.br/rio-de-janeiro-e-regiao/celulares/samsung-s8-658243251?xtmc=celular&xtnp=7&xtcr=4,R$ 950,"Rio de Janeiro, Jardim Carioca",18:11,Ontem
J7 pro 64 g aceito cartão,https://rj.olx.com.br/rio-de-janeiro-e-regiao/celulares/j7-pro-64-g-aceito-cartao-658334072?xtmc=celular&xtnp=7&xtcr=5,R$ 570,"Rio de Janeiro, Vila Kosmos",08:25,Hoje
J1 aceito cartão,https://rj.olx.com.br/rio-de-janeiro-e-regiao/celulares/j1-aceito-cartao-658333953?xtmc=celular&xtnp=7&xtcr=6,R$ 165,"Rio de Janeiro, Vila Kosmos",08:21,Hoje
Motoz2 play 64gb,https://rj.olx.com.br/rio-de-janeiro-e-regiao/celulares/motoz2-play-64gb-658283192?xtmc=celular&xtnp=7&xtcr=7,R$ 700,"Rio de Janeiro, Tijuca",20:48,Ontem
Xiaomi redmi note 7 NF+ garantia aceito cartão,https://rj.olx.com.br/rio-de-janeiro-e-regiao/celulares/xiaomi-redmi-note-7-nf-garantia-aceito-cartao-658240617?xtmc=celular&xtnp=7&xtcr=8,R$ 960,"Rio de Janeiro, Olaria",18:00,Ontem
IPhone 8 Plus zero 64 GB,https://rj.olx.com.br/rio-de-janeiro-e-regiao/celulares/iphone-8-plus-zero-64-gb-658239507?xtmc=celular&xtnp=7&xtcr=9,R$ 2.550,"Rio de Janeiro, Ramos",17:56,Ontem
V8 Relogio inteligente,https://rj.olx.com.br/rio-de-janeiro-e-regiao/celulares/v8-relogio-inteligente-658281972?xtmc=celular&xtnp=7&xtcr=10,R$ 140,"Rio de Janeiro, Del Castilho",20:41,Ontem
Carregador Tipo C Turbo Home Charger - Rápido,https://rj.olx.com.br/rio-de-janeiro-e-regiao/celulares/carregador-tipo-c-turbo-home-charger-rapido-658280486?xtmc=celular&xtnp=7&xtcr=11,R$ 25,"Rio de Janeiro, Costa Barros",20:34,Ontem
Troco meu moto one pelo A70 ou Moto One Vision mais volta,https://rj.olx.com.br/rio-de-janeiro-e-regiao/celulares/troco-meu-moto-one-pelo-a70-ou-moto-one-vision-mais-volta-658280009?xtmc=celular&xtnp=7&xtcr=12,R$ 1,"Rio de Janeiro, Tijuca",20:29,Ontem
Tablet,https://rj.olx.com.br/rio-de-janeiro-e-regiao/celulares/tablet-658278651?xtmc=celular&xtnp=7&xtcr=13,R$ 500,"Rio de Janeiro, Turiaçu",20:25,Ontem
Vendo tablet Phaser,https://rj.olx.com.br/rio-de-janeiro-e-regiao/celulares/vendo-tablet-phaser-658277495?xtmc=celular&xtnp=7&xtcr=14,R$ 100,"Rio de Janeiro, Pilares",20:20,Ontem
Vendo Galaxy S8 Plus,https://rj.olx.com.br/rio-de-janeiro-e-regiao/celulares/vendo-galaxy-s8-plus-658276747?xtmc=celular&xtnp=7&xtcr=15,R$ 900,"Rio de Janeiro, Cachambi",20:17,Ontem
Power Bank Anker PowerCore 13.000mAh Carregador Portátil,https://rj.olx.com.br/rio-de-janeiro-e-regiao/celulares/power-bank-anker-powercore-13-000mah-carregador-portatil-658232405?xtmc=celular&xtnp=7&xtcr=16,R$ 200,"Rio de Janeiro, Guadalupe",17:28,Ontem
Óculos gear vr,https://rj.olx.com.br/rio-de-janeiro-e-regiao/celulares/oculos-gear-vr-658231996?xtmc=celular&xtnp=7&xtcr=17,R$ 300,"Rio de Janeiro, Marechal Hermes",17:26,Ontem
IPhone SE 64gb,https://rj.olx.com.br/rio-de-janeiro-e-regiao/celulares/iphone-se-64gb-658231800?xtmc=celular&xtnp=7&xtcr=18,R$ 1.300,"Rio de Janeiro, Jardim Guanabara",17:26,Ontem
Motorola one vision,https://rj.olx.com.br/rio-de-janeiro-e-regiao/celulares/motorola-one-vision-658231117?xtmc=celular&xtnp=7&xtcr=19,R$ 1.500,"Rio de Janeiro, Bonsucesso",17:23,Ontem
Iphone 7,https://rj.olx.com.br/rio-de-janeiro-e-regiao/celulares/iphone-7-658228833?xtmc=celular&xtnp=7&xtcr=20,R$ 1.200,"Rio de Janeiro, Maré",17:14,Ontem
Peças Originais - Motorola e Asus - Originais,https://rj.olx.com.br/rio-de-janeiro-e-regiao/celulares/pecas-originais-motorola-e-asus-originais-658273021?xtmc=celular&xtnp=7&xtcr=21,R$ 400,"Rio de Janeiro, Méier",19:59,Ontem
A7 2018,https://rj.olx.com.br/rio-de-janeiro-e-regiao/celulares/a7-2018-658270409?xtmc=celular&xtnp=7&xtcr=22,R$ 700,"Rio de Janeiro, Lins de Vasconcelos",19:48,Ontem
Xiaomi 6pro,https://rj.olx.com.br/rio-de-janeiro-e-regiao/celulares/xiaomi-6pro-658225265?xtmc=celular&xtnp=7&xtcr=23,R$ 650,"Rio de Janeiro, Ramos",17:00,Ontem
IPhone 6,https://rj.olx.com.br/rio-de-janeiro-e-regiao/celulares/iphone-6-658269336?xtmc=celular&xtnp=7&xtcr=24,R$ 550,"Rio de Janeiro, Bonsucesso",19:43,Ontem
Lg k10,https://rj.olx.com.br/rio-de-janeiro-e-regiao/celulares/lg-k10-658269210?xtmc=celular&xtnp=7&xtcr=25,R$ 299,"Rio de Janeiro, Piedade",19:42,Ontem
IPhone 6s Plus 64GB Dourado semi novo loja física,https://rj.olx.com.br/rio-de-janeiro-e-regiao/celulares/iphone-6s-plus-64gb-dourado-semi-novo-loja-fisica-658268957?xtmc=celular&xtnp=7&xtcr=26,R$ 1.600,Rio de Janeiro,19:41,Ontem
IPhone 7 128GB Rose novo garantia Apple loja física,https://rj.olx.com.br/rio-de-janeiro-e-regiao/celulares/iphone-7-128gb-rose-novo-garantia-apple-loja-fisica-658268617?xtmc=celular&xtnp=7&xtcr=27,R$ 1.700,Rio de Janeiro,19:40,Ontem
IPhone 8 Plus - Red Product,https://rj.olx.com.br/rio-de-janeiro-e-regiao/celulares/iphone-8-plus-red-product-658222935?xtmc=celular&xtnp=7&xtcr=28,R$ 2.999,Rio de Janeiro,16:52,Ontem
Samsung s5 mini,https://rj.olx.com.br/rio-de-janeiro-e-regiao/celulares/samsung-s5-mini-658267849?xtmc=celular&xtnp=7&xtcr=29,R$ 150,"Rio de Janeiro, Engenho Novo",19:37,Ontem
IPhone 7 128GB Rose zero,https://rj.olx.com.br/rio-de-janeiro-e-regiao/celulares/iphone-7-128gb-rose-zero-658222687?xtmc=celular&xtnp=7&xtcr=30,R$ 1.700,"Rio de Janeiro, Engenho de Dentro",16:51,Ontem
Moto Z2 Play ? Branco 64 GB - P e r f e i t o !,https://rj.olx.com.br/rio-de-janeiro-e-regiao/celulares/moto-z2-play-branco-64-gb-p-e-r-f-e-i-t-o-658267619?xtmc=celular&xtnp=7&xtcr=31,R$ 650,"Rio de Janeiro, Penha",19:36,Ontem
Celular Samsung Galaxy J5prime,https://rj.olx.com.br/rio-de-janeiro-e-regiao/celulares/celular-samsung-galaxy-j5prime-658219707?xtmc=celular&xtnp=7&xtcr=32,R$ 500,"Rio de Janeiro, Maracanã",16:40,Ontem
IPhone 7 128GB Rose novo com garantia Apple,https://rj.olx.com.br/rio-de-janeiro-e-regiao/celulares/iphone-7-128gb-rose-novo-com-garantia-apple-658217930?xtmc=celular&xtnp=7&xtcr=34,R$ 1.700,Rio de Janeiro,16:34,Ontem
Óculos realidade virtual Zeiss VR One,https://rj.olx.com.br/rio-de-janeiro-e-regiao/celulares/oculos-realidade-virtual-zeiss-vr-one-658263396?xtmc=celular&xtnp=7&xtcr=35,R$ 120,"Rio de Janeiro, Cascadura",19:18,Ontem
Cabo Usb C Type C Turbo Zenfone Huawei S8 Moto Z 2m Pmcell,https://rj.olx.com.br/rio-de-janeiro-e-regiao/celulares/cabo-usb-c-type-c-turbo-zenfone-huawei-s8-moto-z-2m-pmcell-658263670?xtmc=celular&xtnp=7&xtcr=36,R$ 19,"Rio de Janeiro, Braz de Pina",19:17,Ontem
IPhone 7 128gb Dourado,https://rj.olx.com.br/rio-de-janeiro-e-regiao/celulares/iphone-7-128gb-dourado-658262734?xtmc=celular&xtnp=7&xtcr=37,R$ 1.400,"Rio de Janeiro, Madureira",19:15,Ontem
Cabo Dados/carregador Lightning iPhone Pmcell,https://rj.olx.com.br/rio-de-janeiro-e-regiao/celulares/cabo-dados-carregador-lightning-iphone-pmcell-658262264?xtmc=celular&xtnp=7&xtcr=38,R$ 19,"Rio de Janeiro, Braz de Pina",19:11,Ontem
Aparelho celular Moto G7 Plus muito novo na garantia,https://rj.olx.com.br/rio-de-janeiro-e-regiao/celulares/aparelho-celular-moto-g7-plus-muito-novo-na-garantia-658216200?xtmc=celular&xtnp=7&xtcr=39,R$ 1.000,"Rio de Janeiro, Todos os Santos",16:26,Ontem
Moto g5,https://rj.olx.com.br/rio-de-janeiro-e-regiao/celulares/moto-g5-658214773?xtmc=celular&xtnp=7&xtcr=40,R$ 400,"Rio de Janeiro, São Cristóvão",16:23,Ontem
Cabo Turbo Usb 2m V8 Android Lg Samsung Pmcell Solid987 Cb,https://rj.olx.com.br/rio-de-janeiro-e-regiao/celulares/cabo-turbo-usb-2m-v8-android-lg-samsung-pmcell-solid987-cb-658260578?xtmc=celular&xtnp=7&xtcr=41,R$ 19,"Rio de Janeiro, Braz de Pina",19:04,Ontem
Vendo LG k10 com um pouco trincado,https://rj.olx.com.br/rio-de-janeiro-e-regiao/celulares/vendo-lg-k10-com-um-pouco-trincado-658214362?xtmc=celular&xtnp=7&xtcr=42,R$ 150,"Rio de Janeiro, Engenho Novo",16:20,Ontem
Moto X 2 (2* geração),https://rj.olx.com.br/rio-de-janeiro-e-regiao/celulares/moto-x-2-2-geracao-658213710?xtmc=celular&xtnp=7&xtcr=43,R$ 400,"Rio de Janeiro, Pilares",16:19,Ontem
IPhone 6s Plus 64GB Dourado semi novo loja física,https://rj.olx.com.br/rio-de-janeiro-e-regiao/celulares/iphone-6s-plus-64gb-dourado-semi-novo-loja-fisica-658213225?xtmc=celular&xtnp=7&xtcr=44,R$ 1.600,Rio de Janeiro,16:18,Ontem
Iphone 7 32 Gb - ACEITO CARTÃO,https://rj.olx.com.br/rio-de-janeiro-e-regiao/celulares/iphone-7-32-gb-aceito-cartao-658259330?xtmc=celular&xtnp=7&xtcr=45,R$ 1.600,"Rio de Janeiro, Cachambi",19:01,Ontem
IPhone 8 Plus 64 gigas,https://rj.olx.com.br/rio-de-janeiro-e-regiao/celulares/iphone-8-plus-64-gigas-658211677?xtmc=celular&xtnp=7&xtcr=46,R$ 3.000,"Rio de Janeiro, Vicente de Carvalho",16:12,Ontem
Telefone fixo gôndola rosa,https://rj.olx.com.br/rio-de-janeiro-e-regiao/celulares/telefone-fixo-gondola-rosa-658211140?xtmc=celular&xtnp=7&xtcr=47,R$ 25,"Rio de Janeiro, Anchieta",16:10,Ontem
Celular LG k 10 (2017),https://rj.olx.com.br/rio-de-janeiro-e-regiao/celulares/celular-lg-k-10-2017-658211112?xtmc=celular&xtnp=7&xtcr=48,R$ 220,"Rio de Janeiro, Pavuna",16:10,Ontem
IPhone 8 plus 64 gigas,https://rj.olx.com.br/rio-de-janeiro-e-regiao/celulares/iphone-8-plus-64-gigas-658210588?xtmc=celular&xtnp=7&xtcr=49,R$ 3.000,"Rio de Janeiro, Vicente de Carvalho",16:08,Ontem
Moto g7 play 32gb,https://rj.olx.com.br/rio-de-janeiro-e-regiao/celulares/moto-g7-play-32gb-658329914?xtmc=celular&xtnp=7&xtcr=50,R$ 450,"Rio de Janeiro, Penha Circular",06:07,Hoje
Samsung Galaxy Win,https://rj.olx.com.br/rio-de-janeiro-e-regiao/celulares/samsung-galaxy-win-658211998?xtmc=celular&xtnp=8&xtcr=1,R$ 60,"Rio de Janeiro, Pavuna",16:14,Ontem
IPhone 8 Plus zero 64 GB,https://rj.olx.com.br/rio-de-janeiro-e-regiao/celulares/iphone-8-plus-zero-64-gb-658239507?xtmc=celular&xtnp=8&xtcr=2,R$ 2.550,"Rio de Janeiro, Ramos",17:56,Ontem
IPhone 6s Plus,https://rj.olx.com.br/rio-de-janeiro-e-regiao/celulares/iphone-6s-plus-658211192?xtmc=celular&xtnp=8&xtcr=3,R$ 1.140,"Rio de Janeiro, Cacuia",16:11,Ontem
"MacBook Pro Retina 13"" | TouchBar | 8GB RAM | 256 GB SSD",https://rj.olx.com.br/rio-de-janeiro-e-regiao/celulares/macbook-pro-retina-13-touchbar-8gb-ram-256-gb-ssd-658210773?xtmc=celular&xtnp=8&xtcr=4,R$ 7.000,"Rio de Janeiro, Ramos",16:09,Ontem
IPhone 6 plus,https://rj.olx.com.br/rio-de-janeiro-e-regiao/celulares/iphone-6-plus-658210060?xtmc=celular&xtnp=8&xtcr=5,R$ 1.200,"Rio de Janeiro, Irajá",16:07,Ontem
"Suporte Universal para Celulares - Suporte ""Preguiçoso""",https://rj.olx.com.br/rio-de-janeiro-e-regiao/celulares/suporte-universal-para-celulares-suporte-preguicoso-658336724?xtmc=celular&xtnp=8&xtcr=6,R$ 175,"Rio de Janeiro, Higienópolis",09:49,Hoje
Vendo celular positivo Twist 2,https://rj.olx.com.br/rio-de-janeiro-e-regiao/celulares/vendo-celular-positivo-twist-2-658208570?xtmc=celular&xtnp=8&xtcr=7,R$ 200,"Rio de Janeiro, Maracanã",16:02,Ontem
Samsung j7 metal,https://rj.olx.com.br/rio-de-janeiro-e-regiao/celulares/samsung-j7-metal-658207684?xtmc=celular&xtnp=8&xtcr=8,R$ 250,"Rio de Janeiro, Ramos",15:59,Ontem
Power Bank Anker PowerCore 13.000mAh Carregador Portátil,https://rj.olx.com.br/rio-de-janeiro-e-regiao/celulares/power-bank-anker-powercore-13-000mah-carregador-portatil-658232405?xtmc=celular&xtnp=8&xtcr=9,R$ 200,"Rio de Janeiro, Guadalupe",17:28,Ontem
Óculos gear vr,https://rj.olx.com.br/rio-de-janeiro-e-regiao/celulares/oculos-gear-vr-658231996?xtmc=celular&xtnp=8&xtcr=10,R$ 300,"Rio de Janeiro, Marechal Hermes",17:26,Ontem
IPhone SE 64gb,https://rj.olx.com.br/rio-de-janeiro-e-regiao/celulares/iphone-se-64gb-658231800?xtmc=celular&xtnp=8&xtcr=11,R$ 1.300,"Rio de Janeiro, Jardim Guanabara",17:26,Ontem
J5 prime,https://rj.olx.com.br/rio-de-janeiro-e-regiao/celulares/j5-prime-658203190?xtmc=celular&xtnp=8&xtcr=12,R$ 300,"Rio de Janeiro, Ramos",15:43,Ontem
Motorola one vision,https://rj.olx.com.br/rio-de-janeiro-e-regiao/celulares/motorola-one-vision-658231117?xtmc=celular&xtnp=8&xtcr=13,R$ 1.500,"Rio de Janeiro, Bonsucesso",17:23,Ontem
IPhone 7 plus,https://rj.olx.com.br/rio-de-janeiro-e-regiao/celulares/iphone-7-plus-658201328?xtmc=celular&xtnp=8&xtcr=14,R$ 2.400,"Rio de Janeiro, Piedade",15:36,Ontem
Iphone 7,https://rj.olx.com.br/rio-de-janeiro-e-regiao/celulares/iphone-7-658228833?xtmc=celular&xtnp=8&xtcr=15,R$ 1.200,"Rio de Janeiro, Maré",17:14,Ontem
Vendo um Motorola one,https://rj.olx.com.br/rio-de-janeiro-e-regiao/celulares/vendo-um-motorola-one-658199593?xtmc=celular&xtnp=8&xtcr=16,R$ 1.000,"Rio de Janeiro, Rocha Miranda",15:30,Ontem
Xiaomi 6pro,https://rj.olx.com.br/rio-de-janeiro-e-regiao/celulares/xiaomi-6pro-658225265?xtmc=celular&xtnp=8&xtcr=17,R$ 650,"Rio de Janeiro, Ramos",17:00,Ontem
J4+ com Nota fiscal,https://rj.olx.com.br/rio-de-janeiro-e-regiao/celulares/j4-com-nota-fiscal-658195062?xtmc=celular&xtnp=8&xtcr=18,R$ 500,"Rio de Janeiro, Bonsucesso",15:15,Ontem
Samsung galaxy win ll Leia tudo,https://rj.olx.com.br/rio-de-janeiro-e-regiao/celulares/samsung-galaxy-win-ll-leia-tudo-658193993?xtmc=celular&xtnp=8&xtcr=19,R$ 30,"Rio de Janeiro, Irajá",15:11,Ontem
IPhone 8 Plus - Red Product,https://rj.olx.com.br/rio-de-janeiro-e-regiao/celulares/iphone-8-plus-red-product-658222935?xtmc=celular&xtnp=8&xtcr=20,R$ 2.999,Rio de Janeiro,16:52,Ontem
IPhone 7 128GB Rose zero,https://rj.olx.com.br/rio-de-janeiro-e-regiao/celulares/iphone-7-128gb-rose-zero-658222687?xtmc=celular&xtnp=8&xtcr=21,R$ 1.700,"Rio de Janeiro, Engenho de Dentro",16:51,Ontem
"Samsung Galaxy M20 4Gb / 64Gb, Lacrado c/ NF e Garantia (Até 10x no Cartão)",https://rj.olx.com.br/rio-de-janeiro-e-regiao/celulares/samsung-galaxy-m20-4gb-64gb-lacrado-c-nf-e-garantia-ate-10x-no-cartao-658193606?xtmc=celular&xtnp=8&xtcr=22,R$ 899,"Rio de Janeiro, Olaria",15:10,Ontem
Celular Samsung J5 em excelente estado,https://rj.olx.com.br/rio-de-janeiro-e-regiao/celulares/celular-samsung-j5-em-excelente-estado-658193499?xtmc=celular&xtnp=8&xtcr=23,R$ 200,"Rio de Janeiro, Penha Circular",15:09,Ontem
Samsung j8 Plus,https://rj.olx.com.br/rio-de-janeiro-e-regiao/celulares/samsung-j8-plus-658192801?xtmc=celular&xtnp=8&xtcr=24,R$ 600,"Rio de Janeiro, Olaria",15:07,Ontem
S7,https://rj.olx.com.br/rio-de-janeiro-e-regiao/celulares/s7-658192396?xtmc=celular&xtnp=8&xtcr=25,R$ 500,"Rio de Janeiro, Bonsucesso",15:06,Ontem
IPhone 5s novíssimo,https://rj.olx.com.br/rio-de-janeiro-e-regiao/celulares/iphone-5s-novissimo-658191851?xtmc=celular&xtnp=8&xtcr=26,R$ 450,"Rio de Janeiro, Cachambi",15:04,Ontem
Celular Samsung Galaxy J5prime,https://rj.olx.com.br/rio-de-janeiro-e-regiao/celulares/celular-samsung-galaxy-j5prime-658219707?xtmc=celular&xtnp=8&xtcr=27,R$ 500,"Rio de Janeiro, Maracanã",16:40,Ontem
IPhone 7 128GB Rose novo com garantia Apple,https://rj.olx.com.br/rio-de-janeiro-e-regiao/celulares/iphone-7-128gb-rose-novo-com-garantia-apple-658217930?xtmc=celular&xtnp=8&xtcr=28,R$ 1.700,Rio de Janeiro,16:34,Ontem
IPhone 7 128GB Rose zero garantia Apple loja física,https://rj.olx.com.br/rio-de-janeiro-e-regiao/celulares/iphone-7-128gb-rose-zero-garantia-apple-loja-fisica-658187025?xtmc=celular&xtnp=8&xtcr=29,R$ 1.700,Rio de Janeiro,14:49,Ontem
Troco Samsung j5,https://rj.olx.com.br/rio-de-janeiro-e-regiao/celulares/troco-samsung-j5-658187361?xtmc=celular&xtnp=8&xtcr=30,R$ 300,"Rio de Janeiro, Jardim América",14:48,Ontem
Aparelho celular Moto G7 Plus muito novo na garantia,https://rj.olx.com.br/rio-de-janeiro-e-regiao/celulares/aparelho-celular-moto-g7-plus-muito-novo-na-garantia-658216200?xtmc=celular&xtnp=8&xtcr=31,R$ 1.000,"Rio de Janeiro, Todos os Santos",16:26,Ontem
Samsung galaxy duos gran prime leia,https://rj.olx.com.br/rio-de-janeiro-e-regiao/celulares/samsung-galaxy-duos-gran-prime-leia-658185638?xtmc=celular&xtnp=8&xtcr=32,R$ 150,"Rio de Janeiro, Irajá",14:45,Ontem
Moto g5,https://rj.olx.com.br/rio-de-janeiro-e-regiao/celulares/moto-g5-658214773?xtmc=celular&xtnp=8&xtcr=33,R$ 400,"Rio de Janeiro, São Cristóvão",16:23,Ontem
Vendo LG k10 com um pouco trincado,https://rj.olx.com.br/rio-de-janeiro-e-regiao/celulares/vendo-lg-k10-com-um-pouco-trincado-658214362?xtmc=celular&xtnp=8&xtcr=34,R$ 150,"Rio de Janeiro, Engenho Novo",16:20,Ontem
Moto X 2 (2* geração),https://rj.olx.com.br/rio-de-janeiro-e-regiao/celulares/moto-x-2-2-geracao-658213710?xtmc=celular&xtnp=8&xtcr=35,R$ 400,"Rio de Janeiro, Pilares",16:19,Ontem
IPhone 6s Plus 64GB Dourado semi novo loja física,https://rj.olx.com.br/rio-de-janeiro-e-regiao/celulares/iphone-6s-plus-64gb-dourado-semi-novo-loja-fisica-658213225?xtmc=celular&xtnp=8&xtcr=36,R$ 1.600,Rio de Janeiro,16:18,Ontem
IPhone 7 32GB Prata semi novo loja física,https://rj.olx.com.br/rio-de-janeiro-e-regiao/celulares/iphone-7-32gb-prata-semi-novo-loja-fisica-658182827?xtmc=celular&xtnp=8&xtcr=37,R$ 1.550,Rio de Janeiro,14:36,Ontem
IPhone XR 64GB,https://rj.olx.com.br/rio-de-janeiro-e-regiao/celulares/iphone-xr-64gb-658181298?xtmc=celular&xtnp=8&xtcr=38,R$ 3.000,"Rio de Janeiro, Méier",14:32,Ontem
IPhone 8 Plus 64 gigas,https://rj.olx.com.br/rio-de-janeiro-e-regiao/celulares/iphone-8-plus-64-gigas-658211677?xtmc=celular&xtnp=8&xtcr=39,R$ 3.000,"Rio de Janeiro, Vicente de Carvalho",16:12,Ontem
Telefone fixo gôndola rosa,https://rj.olx.com.br/rio-de-janeiro-e-regiao/celulares/telefone-fixo-gondola-rosa-658211140?xtmc=celular&xtnp=8&xtcr=40,R$ 25,"Rio de Janeiro, Anchieta",16:10,Ontem
Celular LG k 10 (2017),https://rj.olx.com.br/rio-de-janeiro-e-regiao/celulares/celular-lg-k-10-2017-658211112?xtmc=celular&xtnp=8&xtcr=41,R$ 220,"Rio de Janeiro, Pavuna",16:10,Ontem
IPhone 8 plus 64 gigas,https://rj.olx.com.br/rio-de-janeiro-e-regiao/celulares/iphone-8-plus-64-gigas-658210588?xtmc=celular&xtnp=8&xtcr=42,R$ 3.000,"Rio de Janeiro, Vicente de Carvalho",16:08,Ontem
V/T LG G6 870 Astro Black 32 GB 4 RAM SNAPDRAGON 821,https://rj.olx.com.br/rio-de-janeiro-e-regiao/celulares/v-t-lg-g6-870-astro-black-32-gb-4-ram-snapdragon-821-658209590?xtmc=celular&xtnp=8&xtcr=43,R$ 750,"Rio de Janeiro, Engenho de Dentro",16:05,Ontem
Vendo iPhone 6s gold,https://rj.olx.com.br/rio-de-janeiro-e-regiao/celulares/vendo-iphone-6s-gold-658208932?xtmc=celular&xtnp=8&xtcr=44,R$ 1.200,"Rio de Janeiro, Bonsucesso",16:03,Ontem
Vende se moto G5,https://rj.olx.com.br/rio-de-janeiro-e-regiao/celulares/vende-se-moto-g5-658176358?xtmc=celular&xtnp=8&xtcr=45,R$ 350,"Rio de Janeiro, Jacaré",14:18,Ontem
Xiaomi note 5 v/t,https://rj.olx.com.br/rio-de-janeiro-e-regiao/celulares/xiaomi-note-5-v-t-658204986?xtmc=celular&xtnp=8&xtcr=46,R$ 700,"Rio de Janeiro, Lins de Vasconcelos",15:49,Ontem
IPhone 6S,https://rj.olx.com.br/rio-de-janeiro-e-regiao/celulares/iphone-6s-658172712?xtmc=celular&xtnp=8&xtcr=47,R$ 1.100,"Rio de Janeiro, Rio Comprido",14:08,Ontem
IPhone 6s,https://rj.olx.com.br/rio-de-janeiro-e-regiao/celulares/iphone-6s-658203530?xtmc=celular&xtnp=8&xtcr=48,R$ 200,"Rio de Janeiro, Irajá",15:44,Ontem
J5 prime 32gb,https://rj.olx.com.br/rio-de-janeiro-e-regiao/celulares/j5-prime-32gb-658202377?xtmc=celular&xtnp=8&xtcr=49,R$ 370,"Rio de Janeiro, Jardim Carioca",15:40,Ontem
"Smartphone Motorola Moto G7 Play XT1952 32GB, na caixa sem uso com garantia",https://rj.olx.com.br/rio-de-janeiro-e-regiao/celulares/smartphone-motorola-moto-g7-play-xt1952-32gb-na-caixa-sem-uso-com-garantia-658169371?xtmc=celular&xtnp=8&xtcr=50,R$ 599,"Rio de Janeiro, Tijuca",13:58,Ontem
IPhone 6 Plus,https://rj.olx.com.br/rio-de-janeiro-e-regiao/celulares/iphone-6-plus-658123288?xtmc=celular&xtnp=9&xtcr=1,R$ 850,"Rio de Janeiro, Piedade",11:49,Ontem
One Vision,https://rj.olx.com.br/rio-de-janeiro-e-regiao/celulares/one-vision-658122232?xtmc=celular&xtnp=9&xtcr=2,R$ 1.400,"Rio de Janeiro, Caju",11:44,Ontem
IPhone 6S,https://rj.olx.com.br/rio-de-janeiro-e-regiao/celulares/iphone-6s-658172712?xtmc=celular&xtnp=9&xtcr=3,R$ 1.100,"Rio de Janeiro, Rio Comprido",14:08,Ontem
IPhone SE,https://rj.olx.com.br/rio-de-janeiro-e-regiao/celulares/iphone-se-658118358?xtmc=celular&xtnp=9&xtcr=4,R$ 550,"Rio de Janeiro, Benfica",11:36,Ontem
"Smartphone Motorola Moto G7 Play XT1952 32GB, na caixa sem uso com garantia",https://rj.olx.com.br/rio-de-janeiro-e-regiao/celulares/smartphone-motorola-moto-g7-play-xt1952-32gb-na-caixa-sem-uso-com-garantia-658169371?xtmc=celular&xtnp=9&xtcr=5,R$ 599,"Rio de Janeiro, Tijuca",13:58,Ontem
Galaxy J1 2016,https://rj.olx.com.br/rio-de-janeiro-e-regiao/celulares/galaxy-j1-2016-658117032?xtmc=celular&xtnp=9&xtcr=6,R$ 150,"Rio de Janeiro, Vilar dos Teles",11:31,Ontem
IPhone XR Black,https://rj.olx.com.br/rio-de-janeiro-e-regiao/celulares/iphone-xr-black-658167467?xtmc=celular&xtnp=9&xtcr=7,R$ 3.200,"Rio de Janeiro, Méier",13:53,Ontem
Wl,https://rj.olx.com.br/rio-de-janeiro-e-regiao/celulares/wl-658115879?xtmc=celular&xtnp=9&xtcr=8,R$ 550,"Rio de Janeiro, Quintino Bocaiúva",11:27,Ontem
Bracelete Mi band 3/4 Miband,https://rj.olx.com.br/rio-de-janeiro-e-regiao/celulares/bracelete-mi-band-3-4-miband-658115088?xtmc=celular&xtnp=9&xtcr=9,R$ 15,"Rio de Janeiro, Penha Circular",11:26,Ontem
Moto g5 Plus,https://rj.olx.com.br/rio-de-janeiro-e-regiao/celulares/moto-g5-plus-658166494?xtmc=celular&xtnp=9&xtcr=10,R$ 380,"Rio de Janeiro, Ramos",13:50,Ontem
Iphone 7 plus dourado 32 gb,https://rj.olx.com.br/rio-de-janeiro-e-regiao/celulares/iphone-7-plus-dourado-32-gb-658166018?xtmc=celular&xtnp=9&xtcr=11,R$ 1.850,"Rio de Janeiro, Cavalcanti",13:48,Ontem
IPhone 6,https://rj.olx.com.br/rio-de-janeiro-e-regiao/celulares/iphone-6-658112670?xtmc=celular&xtnp=9&xtcr=12,R$ 750,"Rio de Janeiro, Pavuna",11:19,Ontem
Celular Samsung A30,https://rj.olx.com.br/rio-de-janeiro-e-regiao/celulares/celular-samsung-a30-658112407?xtmc=celular&xtnp=9&xtcr=13,R$ 850,"Rio de Janeiro, Ramos",11:18,Ontem
Samsung Galaxy Note 9,https://rj.olx.com.br/rio-de-janeiro-e-regiao/celulares/samsung-galaxy-note-9-658162969?xtmc=celular&xtnp=9&xtcr=14,R$ 2.300,"Rio de Janeiro, Pavuna",13:40,Ontem
Lote de celulares antigos,https://rj.olx.com.br/rio-de-janeiro-e-regiao/celulares/lote-de-celulares-antigos-658111956?xtmc=celular&xtnp=9&xtcr=15,R$ 90,"Rio de Janeiro, Méier",11:15,Ontem
J7 metal,https://rj.olx.com.br/rio-de-janeiro-e-regiao/celulares/j7-metal-658163393?xtmc=celular&xtnp=9&xtcr=16,R$ 180,"Rio de Janeiro, Engenho de Dentro",13:39,Ontem
Samsung j5,https://rj.olx.com.br/rio-de-janeiro-e-regiao/celulares/samsung-j5-658111825?xtmc=celular&xtnp=9&xtcr=17,R$ 250,"Rio de Janeiro, Tijuca",11:15,Ontem
Moto G5PLUS,https://rj.olx.com.br/rio-de-janeiro-e-regiao/celulares/moto-g5plus-658162329?xtmc=celular&xtnp=9&xtcr=18,R$ 350,"Rio de Janeiro, Penha",13:38,Ontem
Headphone Easy Mobile,https://rj.olx.com.br/rio-de-janeiro-e-regiao/celulares/headphone-easy-mobile-658160692?xtmc=celular&xtnp=9&xtcr=19,R$ 190,"Rio de Janeiro, Abolição",13:33,Ontem
Samsung A5 2017,https://rj.olx.com.br/rio-de-janeiro-e-regiao/celulares/samsung-a5-2017-658108665?xtmc=celular&xtnp=9&xtcr=20,R$ 250,"Rio de Janeiro, Engenho de Dentro",11:05,Ontem
IPhone 5,https://rj.olx.com.br/rio-de-janeiro-e-regiao/celulares/iphone-5-658158742?xtmc=celular&xtnp=9&xtcr=21,R$ 299,"Rio de Janeiro, Guadalupe",13:28,Ontem
J6 em perfeito estado,https://rj.olx.com.br/rio-de-janeiro-e-regiao/celulares/j6-em-perfeito-estado-658157527?xtmc=celular&xtnp=9&xtcr=22,R$ 300,"Rio de Janeiro, Manguinhos",13:24,Ontem
IPhone 6s,https://rj.olx.com.br/rio-de-janeiro-e-regiao/celulares/iphone-6s-658154544?xtmc=celular&xtnp=9&xtcr=23,R$ 1.127,"Rio de Janeiro, Tijuca",13:16,Ontem
Moto g6 plus,https://rj.olx.com.br/rio-de-janeiro-e-regiao/celulares/moto-g6-plus-658103919?xtmc=celular&xtnp=9&xtcr=24,R$ 500,"Rio de Janeiro, Acari",10:53,Ontem
Celular Nokia xpress music,https://rj.olx.com.br/rio-de-janeiro-e-regiao/celulares/celular-nokia-xpress-music-658154503?xtmc=celular&xtnp=9&xtcr=25,R$ 60,"Rio de Janeiro, Quintino Bocaiúva",13:16,Ontem
J6+ Plus,https://rj.olx.com.br/rio-de-janeiro-e-regiao/celulares/j6-plus-658154455?xtmc=celular&xtnp=9&xtcr=26,R$ 600,"Rio de Janeiro, Madureira",13:16,Ontem
Motorola moto g5s Plus,https://rj.olx.com.br/rio-de-janeiro-e-regiao/celulares/motorola-moto-g5s-plus-658153695?xtmc=celular&xtnp=9&xtcr=27,R$ 350,"Rio de Janeiro, Rio Comprido",13:14,Ontem
Moto G5 32 GB,https://rj.olx.com.br/rio-de-janeiro-e-regiao/celulares/moto-g5-32-gb-658153374?xtmc=celular&xtnp=9&xtcr=28,R$ 249,"Rio de Janeiro, Irajá",13:13,Ontem
Celular,https://rj.olx.com.br/rio-de-janeiro-e-regiao/celulares/celular-658151356?xtmc=celular&xtnp=9&xtcr=29,R$ 750,"Rio de Janeiro, São Cristóvão",13:08,Ontem
IPhone 8 Plus black,https://rj.olx.com.br/rio-de-janeiro-e-regiao/celulares/iphone-8-plus-black-658100339?xtmc=celular&xtnp=9&xtcr=30,R$ 2.900,"Rio de Janeiro, Nossa Senhora das Graças",10:43,Ontem
Galaxy S6 Edge tudo funcionando,https://rj.olx.com.br/rio-de-janeiro-e-regiao/celulares/galaxy-s6-edge-tudo-funcionando-658100201?xtmc=celular&xtnp=9&xtcr=31,R$ 350,"Rio de Janeiro, Engenho Novo",10:43,Ontem
Pulseira Zeblaze Arch Plus Oled 0.87 Sono Passos Batimentos,https://rj.olx.com.br/rio-de-janeiro-e-regiao/celulares/pulseira-zeblaze-arch-plus-oled-0-87-sono-passos-batimentos-658147846?xtmc=celular&xtnp=9&xtcr=32,R$ 99,"Rio de Janeiro, Piedade",12:58,Ontem
Moto g6 (sem marcas de uso),https://rj.olx.com.br/rio-de-janeiro-e-regiao/celulares/moto-g6-sem-marcas-de-uso-658147158?xtmc=celular&xtnp=9&xtcr=33,R$ 550,"Rio de Janeiro, Benfica",12:56,Ontem
IPhone 7 128 Gb na caixa,https://rj.olx.com.br/rio-de-janeiro-e-regiao/celulares/iphone-7-128-gb-na-caixa-658096952?xtmc=celular&xtnp=9&xtcr=34,R$ 1.100,"Rio de Janeiro, Tijuca",10:32,Ontem
Vendo moto x 1,https://rj.olx.com.br/rio-de-janeiro-e-regiao/celulares/vendo-moto-x-1-658096301?xtmc=celular&xtnp=9&xtcr=35,R$ 230,"Rio de Janeiro, Rio Comprido",10:30,Ontem
Celular Nextel Motorola I475 (Leia O Anúncio),https://rj.olx.com.br/rio-de-janeiro-e-regiao/celulares/celular-nextel-motorola-i475-leia-o-anuncio-658144806?xtmc=celular&xtnp=9&xtcr=36,R$ 30,"Rio de Janeiro, Piedade",12:49,Ontem
IPhone,https://rj.olx.com.br/rio-de-janeiro-e-regiao/celulares/iphone-658144473?xtmc=celular&xtnp=9&xtcr=37,R$ 2.000,"Rio de Janeiro, Quintino Bocaiúva",12:48,Ontem
Motorola One Vision 128gb só VENDA,https://rj.olx.com.br/rio-de-janeiro-e-regiao/celulares/motorola-one-vision-128gb-so-venda-658140826?xtmc=celular&xtnp=9&xtcr=38,R$ 1.100,Rio de Janeiro,12:37,Ontem
"Samsung S6 com tela fixa e linha, em uso esquenta",https://rj.olx.com.br/rio-de-janeiro-e-regiao/celulares/samsung-s6-com-tela-fixa-e-linha-em-uso-esquenta-658088593?xtmc=celular&xtnp=9&xtcr=39,R$ 390,"Rio de Janeiro, Irajá",10:07,Ontem
Iphone SE 32gb para quem é exigente,https://rj.olx.com.br/rio-de-janeiro-e-regiao/celulares/iphone-se-32gb-para-quem-e-exigente-658088284?xtmc=celular&xtnp=9&xtcr=40,R$ 700,"Rio de Janeiro, Abolição",10:06,Ontem
Samsung Galaxy j5 prime,https://rj.olx.com.br/rio-de-janeiro-e-regiao/celulares/samsung-galaxy-j5-prime-658137168?xtmc=celular&xtnp=9&xtcr=41,R$ 280,"Rio de Janeiro, Maré",12:27,Ontem
Iphone 5s de 32gb,https://rj.olx.com.br/rio-de-janeiro-e-regiao/celulares/iphone-5s-de-32gb-658087192?xtmc=celular&xtnp=9&xtcr=42,R$ 380,"Rio de Janeiro, Tijuca",10:03,Ontem
Vendo,https://rj.olx.com.br/rio-de-janeiro-e-regiao/celulares/vendo-658136013?xtmc=celular&xtnp=9&xtcr=43,R$ 500,"Rio de Janeiro, Braz de Pina",12:21,Ontem
Tablet Dell,https://rj.olx.com.br/rio-de-janeiro-e-regiao/celulares/tablet-dell-658085598?xtmc=celular&xtnp=9&xtcr=44,R$ 200,"Rio de Janeiro, Pavuna",09:56,Ontem
TROCO A70 128gb NOVO,https://rj.olx.com.br/rio-de-janeiro-e-regiao/celulares/troco-a70-128gb-novo-658082489?xtmc=celular&xtnp=9&xtcr=45,,"Rio de Janeiro, Engenho Novo",09:49,Ontem
Adaptador Fita Carregador Sem Fio Wireless Por Indução Iphone,https://rj.olx.com.br/rio-de-janeiro-e-regiao/celulares/adaptador-fita-carregador-sem-fio-wireless-por-inducao-iphone-580236204?xtmc=celular&xtnp=9&xtcr=46,R$ 17,"Rio de Janeiro, São Cristóvão",09:48,Ontem
Samsung Galaxy A50,https://rj.olx.com.br/rio-de-janeiro-e-regiao/celulares/samsung-galaxy-a50-658081001?xtmc=celular&xtnp=9&xtcr=47,R$ 1.400,"Rio de Janeiro, Tijuca",09:44,Ontem
Galaxy J2 Prime,https://rj.olx.com.br/rio-de-janeiro-e-regiao/celulares/galaxy-j2-prime-658129222?xtmc=celular&xtnp=9&xtcr=48,R$ 400,"Rio de Janeiro, Rio Comprido",12:05,Ontem
S7 edge,https://rj.olx.com.br/rio-de-janeiro-e-regiao/celulares/s7-edge-658127950?xtmc=celular&xtnp=9&xtcr=49,R$ 450,"Rio de Janeiro, Anchieta",12:01,Ontem
Motorola one action lacrado com NF,https://rj.olx.com.br/rio-de-janeiro-e-regiao/celulares/motorola-one-action-lacrado-com-nf-658127316?xtmc=celular&xtnp=9&xtcr=50,R$ 1.400,"Rio de Janeiro, Ricardo de Albuquerque",11:59,Ontem
Note 8 128gigas,https://rj.olx.com.br/rio-de-janeiro-e-regiao/celulares/note-8-128gigas-658171854?xtmc=celular&xtnp=10&xtcr=1,R$ 1.700,"Rio de Janeiro, Inhaúma",14:05,Ontem
Kit Smartphones G6play & E5,https://rj.olx.com.br/rio-de-janeiro-e-regiao/celulares/kit-smartphones-g6play-e5-658264530?xtmc=celular&xtnp=10&xtcr=3,R$ 450,"Rio de Janeiro, Méier",19:22,Ontem
Lg k10 (novo),https://rj.olx.com.br/rio-de-janeiro-e-regiao/celulares/lg-k10-novo-658264363?xtmc=celular&xtnp=10&xtcr=4,R$ 250,"Rio de Janeiro, Vila da Penha",19:22,Ontem
IPhone 6s 32gb,https://rj.olx.com.br/rio-de-janeiro-e-regiao/celulares/iphone-6s-32gb-658263703?xtmc=celular&xtnp=10&xtcr=5,R$ 1.150,"Rio de Janeiro, Madureira",19:19,Ontem
IPhone 7 Plus 32Gb,https://rj.olx.com.br/rio-de-janeiro-e-regiao/celulares/iphone-7-plus-32gb-658170013?xtmc=celular&xtnp=10&xtcr=6,R$ 2.100,"Rio de Janeiro, Méier",14:00,Ontem
Vendo,https://rj.olx.com.br/rio-de-janeiro-e-regiao/celulares/vendo-658217255?xtmc=celular&xtnp=10&xtcr=7,R$ 850,"Rio de Janeiro, Maré",16:32,Ontem
J7 prime 2,https://rj.olx.com.br/rio-de-janeiro-e-regiao/celulares/j7-prime-2-658167498?xtmc=celular&xtnp=10&xtcr=8,R$ 400,"Rio de Janeiro, Dendê",13:53,Ontem
IPhone 6 16gb,https://rj.olx.com.br/rio-de-janeiro-e-regiao/celulares/iphone-6-16gb-658166109?xtmc=celular&xtnp=10&xtcr=9,R$ 600,"Rio de Janeiro, Cascadura",13:48,Ontem
Bateria do moto x 1,https://rj.olx.com.br/rio-de-janeiro-e-regiao/celulares/bateria-do-moto-x-1-658165917?xtmc=celular&xtnp=10&xtcr=10,R$ 35,"Rio de Janeiro, Rio Comprido",13:48,Ontem
S6 Edge 64 gigas . telão grande,https://rj.olx.com.br/rio-de-janeiro-e-regiao/celulares/s6-edge-64-gigas-telao-grande-658259926?xtmc=celular&xtnp=10&xtcr=11,R$ 350,Rio de Janeiro,19:03,Ontem
Samsung galaxy j8,https://rj.olx.com.br/rio-de-janeiro-e-regiao/celulares/samsung-galaxy-j8-658214686?xtmc=celular&xtnp=10&xtcr=12,R$ 600,"Rio de Janeiro, Jacaré",16:23,Ontem
Iphone 7 de 32gb original desbloqueado barato! Leia,https://rj.olx.com.br/rio-de-janeiro-e-regiao/celulares/iphone-7-de-32gb-original-desbloqueado-barato-leia-658259635?xtmc=celular&xtnp=10&xtcr=13,R$ 950,"Rio de Janeiro, Méier",19:02,Ontem
Vendo iphone 128,https://rj.olx.com.br/rio-de-janeiro-e-regiao/celulares/vendo-iphone-128-658164398?xtmc=celular&xtnp=10&xtcr=14,R$ 1.500,"Rio de Janeiro, São Cristóvão",13:44,Ontem
Moto G7 32 gigas,https://rj.olx.com.br/rio-de-janeiro-e-regiao/celulares/moto-g7-32-gigas-658163834?xtmc=celular&xtnp=10&xtcr=15,R$ 700,"Rio de Janeiro, Olaria",13:40,Ontem
IPhone 7 32gb. desbloqueado ainda na garantia,https://rj.olx.com.br/rio-de-janeiro-e-regiao/celulares/iphone-7-32gb-desbloqueado-ainda-na-garantia-658212709?xtmc=celular&xtnp=10&xtcr=16,R$ 1.500,"Rio de Janeiro, Bento Ribeiro",16:16,Ontem
IPhone 7 Plus 128gb preto desbloqueado,https://rj.olx.com.br/rio-de-janeiro-e-regiao/celulares/iphone-7-plus-128gb-preto-desbloqueado-658257948?xtmc=celular&xtnp=10&xtcr=17,R$ 1.899,"Rio de Janeiro, Méier",18:55,Ontem
Celular Asus M1,https://rj.olx.com.br/rio-de-janeiro-e-regiao/celulares/celular-asus-m1-658161899?xtmc=celular&xtnp=10&xtcr=18,R$ 550,"Rio de Janeiro, Encantado",13:36,Ontem
Asus Zenfone Go tv e radio e um et kkk aproveita,https://rj.olx.com.br/rio-de-janeiro-e-regiao/celulares/asus-zenfone-go-tv-e-radio-e-um-et-kkk-aproveita-658210688?xtmc=celular&xtnp=10&xtcr=19,R$ 150,"Rio de Janeiro, Inhaúma",16:09,Ontem
6s 32gb,https://rj.olx.com.br/rio-de-janeiro-e-regiao/celulares/6s-32gb-658210057?xtmc=celular&xtnp=10&xtcr=20,R$ 950,"Rio de Janeiro, Irajá",16:07,Ontem
Zenfone 2,https://rj.olx.com.br/rio-de-janeiro-e-regiao/celulares/zenfone-2-658209650?xtmc=celular&xtnp=10&xtcr=21,R$ 170,"Rio de Janeiro, Coelho Neto",16:05,Ontem
IPhone 7 Plus dourado 32 gb,https://rj.olx.com.br/rio-de-janeiro-e-regiao/celulares/iphone-7-plus-dourado-32-gb-658209477?xtmc=celular&xtnp=10&xtcr=22,R$ 1.800,"Rio de Janeiro, Bancários",16:05,Ontem
Moto c plus,https://rj.olx.com.br/rio-de-janeiro-e-regiao/celulares/moto-c-plus-658254903?xtmc=celular&xtnp=10&xtcr=23,R$ 250,"Rio de Janeiro, Cavalcanti",18:43,Ontem
Moto G7 play,https://rj.olx.com.br/rio-de-janeiro-e-regiao/celulares/moto-g7-play-658157487?xtmc=celular&xtnp=10&xtcr=24,R$ 800,"Rio de Janeiro, Olaria",13:24,Ontem
Relógio smart A1,https://rj.olx.com.br/rio-de-janeiro-e-regiao/celulares/relogio-smart-a1-658156993?xtmc=celular&xtnp=10&xtcr=25,R$ 90,"Rio de Janeiro, Ramos",13:23,Ontem
IPhone 6s 64 gb em bom estado,https://rj.olx.com.br/rio-de-janeiro-e-regiao/celulares/iphone-6s-64-gb-em-bom-estado-658254012?xtmc=celular&xtnp=10&xtcr=26,R$ 850,"Rio de Janeiro, Méier",18:39,Ontem
Redmi Airdots,https://rj.olx.com.br/rio-de-janeiro-e-regiao/celulares/redmi-airdots-658207732?xtmc=celular&xtnp=10&xtcr=27,R$ 100,"Rio de Janeiro, Cordovil",15:59,Ontem
Celular samsung,https://rj.olx.com.br/rio-de-janeiro-e-regiao/celulares/celular-samsung-658253383?xtmc=celular&xtnp=10&xtcr=28,R$ 230,"Rio de Janeiro, Méier",18:36,Ontem
Celular Multilaser,https://rj.olx.com.br/rio-de-janeiro-e-regiao/celulares/celular-multilaser-658206028?xtmc=celular&xtnp=10&xtcr=29,R$ 70,"Rio de Janeiro, Vila Isabel",15:53,Ontem
S7 edge,https://rj.olx.com.br/rio-de-janeiro-e-regiao/celulares/s7-edge-658252314?xtmc=celular&xtnp=10&xtcr=30,R$ 350,"Rio de Janeiro, Inhaúma",18:32,Ontem
"Iphone 7 extremamente bem conservado, sem arranhões",https://rj.olx.com.br/rio-de-janeiro-e-regiao/celulares/iphone-7-extremamente-bem-conservado-sem-arranhoes-658153808?xtmc=celular&xtnp=10&xtcr=31,R$ 2.000,"Rio de Janeiro, Engenho Novo",13:14,Ontem
Galaxy J3,https://rj.olx.com.br/rio-de-janeiro-e-regiao/celulares/galaxy-j3-658249757?xtmc=celular&xtnp=10&xtcr=32,R$ 200,"Rio de Janeiro, Vilar dos Teles",18:28,Ontem
IPhone 7 32GB Prata semi novo loja física,https://rj.olx.com.br/rio-de-janeiro-e-regiao/celulares/iphone-7-32gb-prata-semi-novo-loja-fisica-658249440?xtmc=celular&xtnp=10&xtcr=33,R$ 1.550,"Rio de Janeiro, Todos os Santos",18:28,Ontem
Carregador de iPhone,https://rj.olx.com.br/rio-de-janeiro-e-regiao/celulares/carregador-de-iphone-658152359?xtmc=celular&xtnp=10&xtcr=34,R$ 50,"Rio de Janeiro, Bento Ribeiro",13:11,Ontem
Samsung A8 64 gigas,https://rj.olx.com.br/rio-de-janeiro-e-regiao/celulares/samsung-a8-64-gigas-658248145?xtmc=celular&xtnp=10&xtcr=35,R$ 800,"Rio de Janeiro, Anchieta",18:26,Ontem
Samsung j7,https://rj.olx.com.br/rio-de-janeiro-e-regiao/celulares/samsung-j7-658204269?xtmc=celular&xtnp=10&xtcr=36,R$ 200,"Rio de Janeiro, Ramos",15:47,Ontem
Samsung galaxy j2 prime c tv,https://rj.olx.com.br/rio-de-janeiro-e-regiao/celulares/samsung-galaxy-j2-prime-c-tv-658150858?xtmc=celular&xtnp=10&xtcr=37,R$ 220,"Rio de Janeiro, Engenho da Rainha",13:07,Ontem
V. Case para Moto G7/G7 plus,https://rj.olx.com.br/rio-de-janeiro-e-regiao/celulares/v-case-para-moto-g7-g7-plus-658150849?xtmc=celular&xtnp=10&xtcr=38,R$ 100,"Rio de Janeiro, Vila da Penha",13:07,Ontem
Adaptador Original Motorola p3 para plugar fones de ouvido p2,https://rj.olx.com.br/rio-de-janeiro-e-regiao/celulares/adaptador-original-motorola-p3-para-plugar-fones-de-ouvido-p2-658203104?xtmc=celular&xtnp=10&xtcr=39,R$ 15,"Rio de Janeiro, Tijuca",15:42,Ontem
IPhone 7 Plus 128 gb baixei pra vender hoje leia !,https://rj.olx.com.br/rio-de-janeiro-e-regiao/celulares/iphone-7-plus-128-gb-baixei-pra-vender-hoje-leia-658150181?xtmc=celular&xtnp=10&xtcr=40,R$ 1.900,"Rio de Janeiro, Méier",13:05,Ontem
Moto z2 play novo,https://rj.olx.com.br/rio-de-janeiro-e-regiao/celulares/moto-z2-play-novo-658245502?xtmc=celular&xtnp=10&xtcr=41,R$ 700,"Rio de Janeiro, Pavuna",18:20,Ontem
FONE MOTO G7 Muito Alto (R$50),https://rj.olx.com.br/rio-de-janeiro-e-regiao/celulares/fone-moto-g7-muito-alto-r-50-658150077?xtmc=celular&xtnp=10&xtcr=42,R$ 50,"Rio de Janeiro, Grajaú",13:04,Ontem
Relógio Smart A1 ou Z9 + Fone de ouvido Bluetooth i7s,https://rj.olx.com.br/rio-de-janeiro-e-regiao/celulares/relogio-smart-a1-ou-z9-fone-de-ouvido-bluetooth-i7s-658150084?xtmc=celular&xtnp=10&xtcr=43,R$ 129,"Rio de Janeiro, Olaria",13:04,Ontem
IPhone 6s,https://rj.olx.com.br/rio-de-janeiro-e-regiao/celulares/iphone-6s-658202232?xtmc=celular&xtnp=10&xtcr=44,R$ 200,"Rio de Janeiro, Irajá",15:39,Ontem
Vendo meu Samsung s4 leia,https://rj.olx.com.br/rio-de-janeiro-e-regiao/celulares/vendo-meu-samsung-s4-leia-658149688?xtmc=celular&xtnp=10&xtcr=45,R$ 170,"Rio de Janeiro, Inhaúma",13:03,Ontem
Motog5 plus 32gb,https://rj.olx.com.br/rio-de-janeiro-e-regiao/celulares/motog5-plus-32gb-658201815?xtmc=celular&xtnp=10&xtcr=46,R$ 450,"Rio de Janeiro, Jardim Carioca",15:38,Ontem
Motorola moto g3 16 gb,https://rj.olx.com.br/rio-de-janeiro-e-regiao/celulares/motorola-moto-g3-16-gb-658149193?xtmc=celular&xtnp=10&xtcr=47,R$ 220,"Rio de Janeiro, Engenho da Rainha",13:02,Ontem
Moto E4 Plus Bateria 5000mah,https://rj.olx.com.br/rio-de-janeiro-e-regiao/celulares/moto-e4-plus-bateria-5000mah-658149178?xtmc=celular&xtnp=10&xtcr=48,R$ 400,"Rio de Janeiro, Madureira",13:02,Ontem
IPhone 6,https://rj.olx.com.br/rio-de-janeiro-e-regiao/celulares/iphone-6-658244460?xtmc=celular&xtnp=10&xtcr=49,R$ 600,"Rio de Janeiro, Vicente de Carvalho",18:16,Ontem
"Aceito oferta - Moto G2 funcionando perfeitamente todas funções, com alguns trincados",https://rj.olx.com.br/rio-de-janeiro-e-regiao/celulares/aceito-oferta-moto-g2-funcionando-perfeitamente-todas-funcoes-com-alguns-trincados-658147600?xtmc=celular&xtnp=10&xtcr=50,R$ 150,"Rio de Janeiro, Del Castilho",12:57,Ontem
Samsung j7 prime2,https://rj.olx.com.br/rio-de-janeiro-e-regiao/celulares/samsung-j7-prime2-658024408?xtmc=celular&xtnp=11&xtcr=1,R$ 280,"Rio de Janeiro, Madureira",23:15,30 Ago
Fone Bluetooth Blitzwolf BW Fye3,https://rj.olx.com.br/rio-de-janeiro-e-regiao/celulares/fone-bluetooth-blitzwolf-bw-fye3-658024340?xtmc=celular&xtnp=11&xtcr=2,R$ 180,"Rio de Janeiro, Cascadura",23:15,30 Ago
Telefone Asus GO,https://rj.olx.com.br/rio-de-janeiro-e-regiao/celulares/telefone-asus-go-658195102?xtmc=celular&xtnp=11&xtcr=3,R$ 230,"Rio de Janeiro, Cocotá",15:15,Ontem
"Iphone XR 128gb, lacrado, anatel, nota fical, garantia de 1 ano",https://rj.olx.com.br/rio-de-janeiro-e-regiao/celulares/iphone-xr-128gb-lacrado-anatel-nota-fical-garantia-de-1-ano-658191247?xtmc=celular&xtnp=11&xtcr=4,R$ 3.950,"Rio de Janeiro, Tijuca",15:02,Ontem
Zenfone 4 max 32gb,https://rj.olx.com.br/rio-de-janeiro-e-regiao/celulares/zenfone-4-max-32gb-658190869?xtmc=celular&xtnp=11&xtcr=5,R$ 450,"Rio de Janeiro, Tijuca",15:00,Ontem
Samsung Galaxy s9 Plus Aceito Cartão,https://rj.olx.com.br/rio-de-janeiro-e-regiao/celulares/samsung-galaxy-s9-plus-aceito-cartao-658021325?xtmc=celular&xtnp=11&xtcr=6,R$ 1.600,"Rio de Janeiro, Bonsucesso",22:59,30 Ago
Vende- se Celular J5 Prime,https://rj.olx.com.br/rio-de-janeiro-e-regiao/celulares/vende-se-celular-j5-prime-658190156?xtmc=celular&xtnp=11&xtcr=7,R$ 400,"Rio de Janeiro, Inhaúma",14:58,Ontem
Kit de informática 6 unidade,https://rj.olx.com.br/rio-de-janeiro-e-regiao/celulares/kit-de-informatica-6-unidade-658020674?xtmc=celular&xtnp=11&xtcr=8,R$ 8,"Rio de Janeiro, Jardim América",22:56,30 Ago
Controle Joystick,https://rj.olx.com.br/rio-de-janeiro-e-regiao/celulares/controle-joystick-658330397?xtmc=celular&xtnp=11&xtcr=9,R$ 120,"Rio de Janeiro, Vila da Penha",06:26,Hoje
IPhone 7 - 32gb - rose,https://rj.olx.com.br/rio-de-janeiro-e-regiao/celulares/iphone-7-32gb-rose-658019790?xtmc=celular&xtnp=11&xtcr=10,R$ 1.800,"Rio de Janeiro, Pilares",22:52,30 Ago
IPhone 6 64G,https://rj.olx.com.br/rio-de-janeiro-e-regiao/celulares/iphone-6-64g-658185408?xtmc=celular&xtnp=11&xtcr=11,R$ 750,"Rio de Janeiro, Cacuia",14:44,Ontem
Moto g4 plus,https://rj.olx.com.br/rio-de-janeiro-e-regiao/celulares/moto-g4-plus-658185011?xtmc=celular&xtnp=11&xtcr=12,R$ 280,"Rio de Janeiro, Quintino Bocaiúva",14:43,Ontem
Motorola moto z2 force,https://rj.olx.com.br/rio-de-janeiro-e-regiao/celulares/motorola-moto-z2-force-658175190?xtmc=celular&xtnp=11&xtcr=13,,"Rio de Janeiro, Jacaré",14:15,Ontem
MotoG 5,https://rj.olx.com.br/rio-de-janeiro-e-regiao/celulares/motog-5-658174410?xtmc=celular&xtnp=11&xtcr=14,R$ 220,"Rio de Janeiro, Méier",14:13,Ontem
S9 Plus,https://rj.olx.com.br/rio-de-janeiro-e-regiao/celulares/s9-plus-658011308?xtmc=celular&xtnp=11&xtcr=15,R$ 1.500,"Rio de Janeiro, São Cristóvão",22:18,30 Ago
Moto g6 plus 64gb,https://rj.olx.com.br/rio-de-janeiro-e-regiao/celulares/moto-g6-plus-64gb-658173022?xtmc=celular&xtnp=11&xtcr=16,R$ 600,"Rio de Janeiro, Ricardo de Albuquerque",14:09,Ontem
Smartwatch alfawise Cy16 novo na caixa,https://rj.olx.com.br/rio-de-janeiro-e-regiao/celulares/smartwatch-alfawise-cy16-novo-na-caixa-658172935?xtmc=celular&xtnp=11&xtcr=17,R$ 290,"Rio de Janeiro, Maracanã",14:09,Ontem
Lgk9 DTV 16gb,https://rj.olx.com.br/rio-de-janeiro-e-regiao/celulares/lgk9-dtv-16gb-658172644?xtmc=celular&xtnp=11&xtcr=18,R$ 199,"Rio de Janeiro, Vila da Penha",14:08,Ontem
Note 8 128gigas,https://rj.olx.com.br/rio-de-janeiro-e-regiao/celulares/note-8-128gigas-658171854?xtmc=celular&xtnp=11&xtcr=19,R$ 1.700,"Rio de Janeiro, Inhaúma",14:05,Ontem
IPhone 7 Plus 32Gb,https://rj.olx.com.br/rio-de-janeiro-e-regiao/celulares/iphone-7-plus-32gb-658170013?xtmc=celular&xtnp=11&xtcr=20,R$ 2.100,"Rio de Janeiro, Méier",14:00,Ontem
Carregador iphone 4,https://rj.olx.com.br/rio-de-janeiro-e-regiao/celulares/carregador-iphone-4-658009100?xtmc=celular&xtnp=11&xtcr=21,R$ 20,"Rio de Janeiro, Engenho de Dentro",22:09,30 Ago
Samsung m30,https://rj.olx.com.br/rio-de-janeiro-e-regiao/celulares/samsung-m30-658008682?xtmc=celular&xtnp=11&xtcr=22,R$ 1,"Rio de Janeiro, São Cristóvão",22:08,30 Ago
